Date,Conditional_Volatility
2015-01-05,0.008059327985935248
2015-01-06,0.007922304081658355
2015-01-07,0.008225142048881511
2015-01-08,0.008326354374243826
2015-01-09,0.008319259882811236
2015-01-12,0.008204723959614349
2015-01-13,0.00812396306060327
2015-01-14,0.008206861492957416
2015-01-15,0.008146823684729559
2015-01-16,0.00835998865054635
2015-01-19,0.008631870762181075
2015-01-20,0.009337234689553732
2015-01-21,0.009380110447003799
2015-01-22,0.010065583422204333
2015-01-23,0.00995335603419877
2015-01-26,0.01025112151227151
2015-01-27,0.00999951494858366
2015-01-28,0.009816051150235696
2015-01-29,0.00958634535144733
2015-01-30,0.00977455872201225
2015-02-02,0.009590380144945558
2015-02-03,0.009368122551475736
2015-02-04,0.009174062781769583
2015-02-05,0.009048857071476978
2015-02-06,0.008886274286443696
2015-02-09,0.00875407861188635
2015-02-10,0.00874749105059235
2015-02-11,0.00856799161097606
2015-02-12,0.00871106597504995
2015-02-13,0.008594549744304333
2015-02-16,0.008819970969046385
2015-02-17,0.008643376318498139
2015-02-18,0.008484803499299134
2015-02-23,0.008329869533233196
2015-02-24,0.008175642942411673
2015-02-25,0.008091291152921658
2015-02-26,0.00795391185522905
2015-02-27,0.007910046010373897
2015-03-02,0.007834215786439759
2015-03-03,0.007730922399765384
2015-03-04,0.007869296185202802
2015-03-05,0.008151119876971164
2015-03-06,0.008527662965535638
2015-03-09,0.008371080208588988
2015-03-10,0.008231322283953327
2015-03-11,0.008456130343542196
2015-03-12,0.008533136412436974
2015-03-13,0.008400680106086461
2015-03-16,0.008243719968983865
2015-03-17,0.008190455024862315
2015-03-18,0.00806777489193159
2015-03-19,0.008236333433998353
2015-03-20,0.008844323644937013
2015-03-23,0.008725376462917746
2015-03-24,0.008623492355277798
2015-03-25,0.00852079689615939
2015-03-26,0.00844651756095413
2015-03-27,0.008295814858719252
2015-03-30,0.00814629364423169
2015-03-31,0.008831110903535134
2015-04-01,0.008654479991254271
2015-04-02,0.008660802932069223
2015-04-08,0.008687125318152775
2015-04-09,0.012811292032800917
2015-04-10,0.01413667245588016
2015-04-13,0.014000960028780273
2015-04-14,0.015176093802805912
2015-04-15,0.015264819224127688
2015-04-16,0.014757730940353923
2015-04-17,0.014304065941436763
2015-04-20,0.013864709064565734
2015-04-21,0.014402695262190948
2015-04-22,0.01558733579636465
2015-04-23,0.015073563215792089
2015-04-24,0.014608147436668328
2015-04-27,0.014271084615075874
2015-04-28,0.014188372715146513
2015-04-29,0.013725657753494292
2015-04-30,0.013293682144722423
2015-05-04,0.013113436205431745
2015-05-05,0.012703765396551324
2015-05-06,0.01278211645943119
2015-05-07,0.012440693818733256
2015-05-08,0.012514065938008252
2015-05-11,0.01240366605395518
2015-05-12,0.01208731881359143
2015-05-13,0.012093634319905074
2015-05-14,0.011837136732852289
2015-05-15,0.011492260514425876
2015-05-18,0.0121885050683259
2015-05-19,0.012028484104573346
2015-05-20,0.011701680244710426
2015-05-21,0.011413817518893027
2015-05-22,0.011107859514624705
2015-05-26,0.0115990825230988
2015-05-27,0.011483470802634057
2015-05-28,0.011270828051917158
2015-05-29,0.012383784216512267
2015-06-01,0.01201473852306628
2015-06-02,0.011754910585059418
2015-06-03,0.011485623806905052
2015-06-04,0.011279859874103976
2015-06-05,0.01101307684735966
2015-06-08,0.011066437283844774
2015-06-09,0.010766878691299947
2015-06-10,0.010936190997137765
2015-06-11,0.011035502328494928
2015-06-12,0.01091391073754825
2015-06-15,0.011152578493218516
2015-06-16,0.011556375093495264
2015-06-17,0.011590519632138701
2015-06-18,0.011381955146323806
2015-06-19,0.011077492598901055
2015-06-22,0.010781940115048292
2015-06-23,0.010894686740805515
2015-06-24,0.010836901934631722
2015-06-25,0.010556210316818271
2015-06-26,0.010576534881864027
2015-06-29,0.011282137169359812
2015-06-30,0.01287411890421627
2015-07-02,0.012758064090101955
2015-07-03,0.012366330475386999
2015-07-06,0.012194523512928228
2015-07-07,0.014382164959617328
2015-07-08,0.014175781249020518
2015-07-09,0.02029444554571582
2015-07-10,0.021688211858014533
2015-07-13,0.02152656109168643
2015-07-14,0.020978602656869953
2015-07-15,0.020241468647052417
2015-07-16,0.01951917952561035
2015-07-17,0.018839669634261456
2015-07-20,0.018329206625740807
2015-07-21,0.017677742098322655
2015-07-22,0.01709768754061169
2015-07-23,0.016708398385970016
2015-07-24,0.01616412352963457
2015-07-27,0.01585981227704383
2015-07-28,0.017264637167192096
2015-07-29,0.016726037387573528
2015-07-30,0.01618291312152347
2015-07-31,0.0156858473684927
2015-08-03,0.015211806437826832
2015-08-04,0.014899132026768215
2015-08-05,0.01440370805078435
2015-08-06,0.013968523795465471
2015-08-07,0.013603869823846156
2015-08-10,0.013284809186876039
2015-08-11,0.012872491966084844
2015-08-12,0.01247786446933492
2015-08-13,0.013569827761478836
2015-08-14,0.013174216951048083
2015-08-17,0.012766351022439898
2015-08-18,0.012528294017176207
2015-08-19,0.012705575208590766
2015-08-20,0.012782949399975083
2015-08-21,0.01321690797751724
2015-08-24,0.013407941335518042
2015-08-25,0.01854838219857478
2015-08-26,0.0179700638257197
2015-08-27,0.017779558919609043
2015-08-28,0.019392731433196198
2015-08-31,0.01889189785862641
2015-09-01,0.018223635591339583
2015-09-02,0.01850664227123316
2015-09-04,0.01811472954710827
2015-09-07,0.017516048344743497
2015-09-08,0.01720730323422407
2015-09-09,0.01854137705065094
2015-09-10,0.02065341561906436
2015-09-11,0.020976627923145443
2015-09-14,0.02022273477124806
2015-09-15,0.019495123455494243
2015-09-16,0.018839865675965996
2015-09-17,0.01911874876051629
2015-09-18,0.018483956013929718
2015-09-21,0.0178370289366598
2015-09-22,0.017322480798471717
2015-09-23,0.01671892089955673
2015-09-24,0.017170469245038948
2015-09-25,0.016768135207924317
2015-09-29,0.01621593390940733
2015-09-30,0.017432777115677485
2015-10-02,0.01717763236927549
2015-10-05,0.018385504648973497
2015-10-06,0.0181807529109957
2015-10-07,0.017538552194620863
2015-10-08,0.01866310416378154
2015-10-09,0.01809746737175527
2015-10-12,0.01748868930289499
2015-10-13,0.017135291864393984
2015-10-14,0.016609672135467025
2015-10-15,0.01614749775557456
2015-10-16,0.01637002225053464
2015-10-19,0.015918574183084257
2015-10-20,0.015374996479355495
2015-10-22,0.014893772471786264
2015-10-23,0.014496835948708068
2015-10-26,0.014405903933030843
2015-10-27,0.013941551337973217
2015-10-28,0.013491947129476151
2015-10-29,0.01323777136369606
2015-10-30,0.01292194391793848
2015-11-02,0.01269614998634478
2015-11-03,0.012698471539266436
2015-11-04,0.012495316418648057
2015-11-05,0.01325121139648383
2015-11-06,0.012834151533874925
2015-11-09,0.012617510670644351
2015-11-10,0.012343529005370587
2015-11-11,0.012540862960661368
2015-11-12,0.012176063551877352
2015-11-13,0.013252301078749876
2015-11-16,0.013994027227121494
2015-11-17,0.014261546748436748
2015-11-18,0.014082505937183062
2015-11-19,0.013659182379203112
2015-11-20,0.013671325564682061
2015-11-23,0.013521713224431115
2015-11-24,0.013136467711149045
2015-11-25,0.012761924443896495
2015-11-26,0.012417832669184281
2015-11-27,0.01204281095862709
2015-11-30,0.01265466165046035
2015-12-01,0.01230131455859707
2015-12-02,0.012699481283103345
2015-12-03,0.012350819744813647
2015-12-04,0.012004748787758647
2015-12-07,0.011846476001841744
2015-12-08,0.011508204809048572
2015-12-09,0.01171728906665776
2015-12-10,0.011447315659816628
2015-12-11,0.011190483508543876
2015-12-14,0.0112612126376416
2015-12-15,0.01111167513122447
2015-12-16,0.010814093376528316
2015-12-17,0.01164923879269849
2015-12-18,0.011470216591847373
2015-12-21,0.01123601455242083
2015-12-22,0.010924046080902285
2015-12-23,0.010629288821705345
2015-12-24,0.010608920908699655
2015-12-28,0.01037599465510871
2015-12-29,0.010436619108570584
2015-12-30,0.010195784064956635
2015-12-31,0.010040718113421448
2016-01-04,0.009791487463023866
2016-01-05,0.011794201432121003
2016-01-06,0.011581947290248201
2016-01-07,0.011543186138406452
2016-01-08,0.0137441599716445
2016-01-11,0.01337676653157269
2016-01-12,0.01478591345417416
2016-01-13,0.014488603063830992
2016-01-14,0.014284747056415305
2016-01-15,0.013909677243016118
2016-01-18,0.014016153338734318
2016-01-19,0.014081940373881796
2016-01-20,0.014571676766374959
2016-01-21,0.017170075246090974
2016-01-22,0.017232999732835173
2016-01-25,0.0181559982178473
2016-01-26,0.017830886869638084
2016-01-27,0.018354560485158468
2016-01-28,0.017874397952828837
2016-01-29,0.017337306033853358
2016-02-01,0.017896713971777015
2016-02-02,0.01730732006366122
2016-02-03,0.016823422232869905
2016-02-04,0.017330963188596622
2016-02-05,0.016903826043602993
2016-02-11,0.016366453952826144
2016-02-12,0.018643159175609537
2016-02-15,0.018259719462231518
2016-02-16,0.01943108381734042
2016-02-17,0.018915118923274184
2016-02-18,0.018439319658827155
2016-02-19,0.01870231556587733
2016-02-22,0.018067772888775212
2016-02-23,0.017572218362311195
2016-02-24,0.016969794698083015
2016-02-25,0.016653139476047362
2016-02-26,0.016596947511958365
2016-02-29,0.0172176341505018
2016-03-01,0.01696193410140762
2016-03-02,0.016813721733972515
2016-03-03,0.01796906353307105
2016-03-04,0.017355082957853086
2016-03-07,0.016994905125611172
2016-03-08,0.01640520123321397
2016-03-09,0.015961290275034203
2016-03-10,0.01541856207941139
2016-03-11,0.014900193242588478
2016-03-14,0.014643723383874653
2016-03-15,0.014447242918665539
2016-03-16,0.014104194501213528
2016-03-17,0.01365425205257536
2016-03-18,0.013551265858577778
2016-03-21,0.013267977214027176
2016-03-22,0.012849579458876636
2016-03-23,0.012455466643705386
2016-03-24,0.012099167971312308
2016-03-29,0.012228528246915251
2016-03-30,0.011862316894928815
2016-03-31,0.012700097007056424
2016-04-01,0.012316769171486741
2016-04-05,0.012447702508763026
2016-04-06,0.012745392005233691
2016-04-07,0.012355490198844608
2016-04-08,0.011999366239491445
2016-04-11,0.011706314497120533
2016-04-12,0.011392107751459385
2016-04-13,0.011088921973257919
2016-04-14,0.013434920662825636
2016-04-15,0.013169416040871844
2016-04-18,0.012760621038012869
2016-04-19,0.012519653604877288
2016-04-20,0.012553324294440062
2016-04-21,0.012418496215455483
2016-04-22,0.01286342557194709
2016-04-25,0.012612633916805553
2016-04-26,0.012393138265067032
2016-04-27,0.012070471228823725
2016-04-28,0.01172875380941158
2016-04-29,0.011388734635736239
2016-05-03,0.011737381484044483
2016-05-04,0.012368957103667031
2016-05-05,0.012153634100509923
2016-05-06,0.011836078510272787
2016-05-09,0.012277235528489323
2016-05-10,0.01191776432325461
2016-05-11,0.011607899268070074
2016-05-12,0.011536301500684343
2016-05-13,0.011359696842427578
2016-05-16,0.011340074321371746
2016-05-17,0.011202411261999702
2016-05-18,0.011268325881068424
2016-05-19,0.011589719676087634
2016-05-20,0.01139698823150336
2016-05-23,0.011240519951835178
2016-05-24,0.010943070837744713
2016-05-25,0.010643064487947934
2016-05-26,0.01238887131053016
2016-05-27,0.012016469149584924
2016-05-30,0.011854784353580606
2016-05-31,0.011519505796457321
2016-06-01,0.011400524505873992
2016-06-02,0.011101427280958706
2016-06-03,0.010848016164748318
2016-06-06,0.01059639582999859
2016-06-07,0.01035317294042936
2016-06-08,0.010675059297780964
2016-06-10,0.010398039388717055
2016-06-13,0.010603910337561633
2016-06-14,0.012198751703278143
2016-06-15,0.011948286974432005
2016-06-16,0.01162984794884703
2016-06-17,0.012532148816925439
2016-06-20,0.012250817641071826
2016-06-21,0.012600021008850926
2016-06-22,0.012355508423150488
2016-06-23,0.01207044215499634
2016-06-24,0.011738114230777615
2016-06-27,0.013657163725470822
2016-06-28,0.013229277247001809
2016-06-29,0.01283696161592193
2016-06-30,0.012850848393154379
2016-07-04,0.013193948240230693
2016-07-05,0.013159211608439168
2016-07-06,0.013308045422837695
2016-07-07,0.01328660942828516
2016-07-08,0.013113009831674925
2016-07-11,0.01283661632738244
2016-07-12,0.013010659947569659
2016-07-13,0.013253026947676015
2016-07-14,0.012879790248393128
2016-07-15,0.012779217536204644
2016-07-18,0.012429774221308832
2016-07-19,0.01215697584472175
2016-07-20,0.011903583261765119
2016-07-21,0.011790606204231256
2016-07-22,0.01151589134492778
2016-07-25,0.011196752170746577
2016-07-26,0.010884662841744068
2016-07-27,0.010688779803893671
2016-07-28,0.010441919607254045
2016-07-29,0.010185430931418285
2016-08-01,0.0104735145214751
2016-08-03,0.01053906846598578
2016-08-04,0.0112365837101443
2016-08-05,0.01096458894024307
2016-08-08,0.011239876080133165
2016-08-09,0.011600205221164063
2016-08-10,0.011272910605637574
2016-08-11,0.010956165504235305
2016-08-12,0.010691712861264883
2016-08-15,0.010593993336324867
2016-08-16,0.01045856739161733
2016-08-17,0.010188515989264868
2016-08-18,0.010016487027078032
2016-08-19,0.010053599222701787
2016-08-22,0.00985585204509172
2016-08-23,0.009630007680668603
2016-08-24,0.00940007661661433
2016-08-25,0.00941326788630688
2016-08-26,0.009196615616327473
2016-08-29,0.009041420354392224
2016-08-30,0.00891025918275938
2016-08-31,0.008963742472964374
2016-09-01,0.008787693766343885
2016-09-02,0.008824731663548602
2016-09-05,0.008703748713001285
2016-09-06,0.009455462005898254
2016-09-07,0.009338369857952871
2016-09-08,0.009143587428315239
2016-09-09,0.009120761128746196
2016-09-12,0.009102857417296816
2016-09-13,0.012406897600539977
2016-09-14,0.01206565235624601
2016-09-15,0.011712565871655705
2016-09-19,0.011468579610280184
2016-09-20,0.011363328876439482
2016-09-21,0.011044410006548
2016-09-22,0.010828977928485438
2016-09-23,0.010569105230214672
2016-09-26,0.01032545508693711
2016-09-27,0.010844991891114755
2016-09-28,0.01088165859943333
2016-09-29,0.010591593018101676
2016-09-30,0.01037727710821889
2016-10-03,0.011205283292933067
2016-10-04,0.011305776794555342
2016-10-05,0.01103388232901203
2016-10-06,0.010770718721665552
2016-10-07,0.010608416914654589
2016-10-11,0.010390676846271372
2016-10-12,0.010650727330559218
2016-10-13,0.010493535818813994
2016-10-14,0.011039555004248811
2016-10-17,0.010942674585839475
2016-10-18,0.010875235062360093
2016-10-19,0.011253164040462688
2016-10-20,0.010988004976842736
2016-10-24,0.010704447876631377
2016-10-25,0.010688525893923091
2016-10-26,0.010413509089525414
2016-10-27,0.010490321364142033
2016-10-28,0.010448403538165403
2016-10-31,0.010378216293311891
2016-11-01,0.010112008827171108
2016-11-02,0.01011032295991554
2016-11-03,0.010560534606696637
2016-11-04,0.010390579288948806
2016-11-07,0.010133900393356564
2016-11-08,0.010018290398114662
2016-11-09,0.00982883943269483
2016-11-10,0.011097613237383699
2016-11-11,0.011772103808126906
2016-11-14,0.011960977278776264
2016-11-15,0.012148969220528041
2016-11-16,0.011833638510100582
2016-11-17,0.011501629687478905
2016-11-18,0.011175263219842135
2016-11-21,0.010893316502533022
2016-11-22,0.010594627800545335
2016-11-23,0.01090388897864697
2016-11-24,0.010605132246676547
2016-11-25,0.010357750054091685
2016-11-28,0.010157816540194866
2016-11-29,0.009959197590722274
2016-11-30,0.00977748739936474
2016-12-01,0.009551474892511107
2016-12-02,0.009367679772619032
2016-12-05,0.009829325569669404
2016-12-06,0.009618601735216642
2016-12-07,0.009563154938300046
2016-12-08,0.009428178398107022
2016-12-09,0.009227435231760275
2016-12-12,0.00910235788983406
2016-12-13,0.009665810520796266
2016-12-14,0.009433619263093012
2016-12-15,0.009214342112704374
2016-12-16,0.010114242138079163
2016-12-19,0.009872224589654305
2016-12-20,0.009893022538135558
2016-12-21,0.009736234261801095
2016-12-22,0.009537495339397404
2016-12-23,0.009551735510334957
2016-12-28,0.00936197356621391
2016-12-29,0.009367681881527255
2016-12-30,0.009157839745994698
2017-01-03,0.009256995202447472
2017-01-04,0.009193926916937784
2017-01-05,0.008992775919210369
2017-01-06,0.009508200370935752
2017-01-09,0.009294411871294993
2017-01-10,0.00909847219207021
2017-01-11,0.009120274407706646
2017-01-12,0.009147228808751096
2017-01-13,0.009035364202960422
2017-01-16,0.008908064804598688
2017-01-17,0.009079160351235703
2017-01-18,0.008971318464123973
2017-01-19,0.009204037434768352
2017-01-20,0.009020018026843542
2017-01-23,0.009028960209803554
2017-01-24,0.008832988541340719
2017-01-25,0.008661182538676045
2017-01-26,0.008545537338132953
2017-01-27,0.009075128238508102
2017-02-01,0.008879784887958975
2017-02-02,0.00871056190266019
2017-02-03,0.008674741391995911
2017-02-06,0.00852887074306019
2017-02-07,0.008675409528848856
2017-02-08,0.008504817568632219
2017-02-09,0.008487128041446756
2017-02-10,0.008329850401976454
2017-02-13,0.008187240383028021
2017-02-14,0.008157112429250787
2017-02-15,0.008015512759672399
2017-02-16,0.00844402393858227
2017-02-17,0.008354927957913373
2017-02-20,0.008246144726976266
2017-02-21,0.008169833356414651
2017-02-22,0.008276191005158941
2017-02-23,0.008480788178592925
2017-02-24,0.008378992154582375
2017-02-27,0.008390218450476895
2017-02-28,0.00824928087000299
2017-03-01,0.00835769131048279
2017-03-02,0.008206488975551776
2017-03-03,0.00808334873101536
2017-03-06,0.008187247882895186
2017-03-07,0.0080501675679
2017-03-08,0.007954874299476774
2017-03-09,0.007885835793890591
2017-03-10,0.008356565382575381
2017-03-13,0.008224441633060317
2017-03-14,0.008521445231997223
2017-03-15,0.008356255936216512
2017-03-16,0.008213980689167554
2017-03-17,0.009596252115808257
2017-03-20,0.00936865394652684
2017-03-21,0.009350232793970206
2017-03-22,0.009174798958893088
2017-03-23,0.009433949572526116
2017-03-24,0.00921467573622263
2017-03-27,0.009010560540745805
2017-03-28,0.009001250611982337
2017-03-29,0.008933670830485317
2017-03-30,0.008751535137952467
2017-03-31,0.00863566975653633
2017-04-03,0.008715585964078825
2017-04-05,0.00866554671977999
2017-04-06,0.008599269776861276
2017-04-07,0.00854817264786558
2017-04-10,0.008382204544075086
2017-04-11,0.00822605166230718
2017-04-12,0.008303450721282135
2017-04-13,0.008462723513849002
2017-04-18,0.008325067490399003
2017-04-19,0.008943103659374183
2017-04-20,0.00882716068321556
2017-04-21,0.008961378937554762
2017-04-24,0.008773053522505608
2017-04-25,0.008642335719123958
2017-04-26,0.009066008373914764
2017-04-27,0.008945211840806688
2017-04-28,0.008828300678242008
2017-05-02,0.008696967863046865
2017-05-04,0.008552265536314838
2017-05-05,0.008387432118793597
2017-05-08,0.008528668682331354
2017-05-09,0.008416643130523888
2017-05-10,0.008826977070328104
2017-05-11,0.008724554416394092
2017-05-12,0.008607043468177334
2017-05-15,0.008438531530408012
2017-05-16,0.008534116645861105
2017-05-17,0.008379821087159914
2017-05-18,0.008239109922363718
2017-05-19,0.008262938325708003
2017-05-22,0.008117770580272049
2017-05-23,0.008245157049626563
2017-05-24,0.008095987445413753
2017-05-25,0.007957533881834978
2017-05-26,0.008059284561103653
2017-05-29,0.007921650951378865
2017-05-31,0.007809921520397049
2017-06-01,0.007704659086585487
2017-06-02,0.007712763680860062
2017-06-05,0.007666911435190032
2017-06-06,0.007586541877294461
2017-06-07,0.007577918644404476
2017-06-08,0.007478115231780564
2017-06-09,0.007417972355123505
2017-06-12,0.007333684757378856
2017-06-13,0.007938573017409318
2017-06-14,0.007920260684428058
2017-06-15,0.007792521913105924
2017-06-16,0.008294596648543784
2017-06-19,0.00815823487489936
2017-06-20,0.00850916025217137
2017-06-21,0.008392261049599462
2017-06-22,0.00838081315808807
2017-06-23,0.008228725602567823
2017-06-26,0.008081837135708338
2017-06-27,0.008166984094550363
2017-06-28,0.008033282903181636
2017-06-29,0.008065903898487305
2017-06-30,0.008372658028980318
2017-07-03,0.008471892803720155
2017-07-04,0.008309384571729564
2017-07-05,0.009083893585752153
2017-07-06,0.008969712074778828
2017-07-07,0.008802307214147553
2017-07-10,0.008723449158631588
2017-07-11,0.008675728938927369
2017-07-12,0.009257769444338773
2017-07-13,0.009177292480305183
2017-07-14,0.009416044913912262
2017-07-17,0.00920317794753886
2017-07-18,0.009023032072124881
2017-07-19,0.008837419460167126
2017-07-20,0.00875149097999029
2017-07-21,0.00858928772213474
2017-07-24,0.008429881183218019
2017-07-25,0.008361968094727352
2017-07-26,0.008205769666357303
2017-07-27,0.008093188736885713
2017-07-28,0.008132185007673565
2017-07-31,0.008133890357482193
2017-08-01,0.008589866521450377
2017-08-02,0.008634422264102892
2017-08-03,0.008477600005071162
2017-08-04,0.008352981069705126
2017-08-07,0.008199441094481105
2017-08-08,0.008124983375375138
2017-08-09,0.008107132086293543
2017-08-10,0.008028194902844475
2017-08-11,0.008432710074273354
2017-08-14,0.009822117675380151
2017-08-15,0.0101566599690232
2017-08-16,0.009929733193478528
2017-08-17,0.009906116575247122
2017-08-18,0.00968588703545664
2017-08-21,0.009875633674123809
2017-08-22,0.009674284167434969
2017-08-24,0.009697608567863347
2017-08-25,0.009514677263513828
2017-08-28,0.009746979706865192
2017-08-29,0.009510177171568065
2017-08-30,0.009339964829492033
2017-08-31,0.00958184829585173
2017-09-01,0.00943415702068546
2017-09-04,0.009218392536970684
2017-09-05,0.009238896932774963
2017-09-06,0.009031159560255072
2017-09-07,0.008925794295723455
2017-09-08,0.008785847710993585
2017-09-11,0.008693717476880733
2017-09-12,0.008886884090349859
2017-09-13,0.008699299759435912
2017-09-14,0.008561107762760051
2017-09-15,0.008473304004618688
2017-09-18,0.008312099146994583
2017-09-19,0.008735801902746438
2017-09-20,0.00862471132401066
2017-09-21,0.008473251227290828
2017-09-22,0.008314138195362327
2017-09-25,0.008446820398647612
2017-09-26,0.009021429917092694
2017-09-27,0.008825821477748597
2017-09-28,0.008710978155917412
2017-09-29,0.00879601028490135
2017-10-03,0.008687566921184872
2017-10-04,0.010196643987578254
2017-10-06,0.01008974214163509
2017-10-09,0.009852684005328807
2017-10-10,0.009694168227199713
2017-10-11,0.0095596614423975
2017-10-12,0.009387126503973341
2017-10-13,0.009185353038057073
2017-10-16,0.00898041583707969
2017-10-17,0.00897636245529711
2017-10-18,0.008783556655571723
2017-10-19,0.008601922453657446
2017-10-20,0.009800769911924691
2017-10-23,0.009980906211471394
2017-10-24,0.00988187451957671
2017-10-25,0.009746934319491684
2017-10-26,0.009590131790340947
2017-10-27,0.00941564151077012
2017-10-30,0.0094194428338394
2017-10-31,0.009257146222733272
2017-11-01,0.00909394919691334
2017-11-02,0.009399081136172584
2017-11-03,0.009214069505145809
2017-11-06,0.009031315778363871
2017-11-07,0.008836573558986783
2017-11-08,0.009309406995011434
2017-11-09,0.009137847838439496
2017-11-10,0.00913842885562731
2017-11-13,0.008939156037543973
2017-11-14,0.00875915052820829
2017-11-15,0.00858655525744869
2017-11-16,0.00884579215484041
2017-11-17,0.008768651616088067
2017-11-20,0.00871455997681196
2017-11-21,0.008547995420741203
2017-11-22,0.009632803928322987
2017-11-23,0.00951839663567103
2017-11-24,0.009652782712574658
2017-11-27,0.00950456810219737
2017-11-28,0.009424080444312338
2017-11-29,0.009206488784710656
2017-11-30,0.009019397778662053
2017-12-01,0.009661318313640472
2017-12-04,0.009481993969708906
2017-12-05,0.009271410976581932
2017-12-06,0.009449347456761981
2017-12-07,0.010770050832425165
2017-12-08,0.010495270360698132
2017-12-11,0.010628351540873627
2017-12-12,0.010713486699122296
2017-12-13,0.010547071652798869
2017-12-14,0.010907466095661815
2017-12-15,0.010624014794537506
2017-12-18,0.010732039969424154
2017-12-19,0.010576676749882061
2017-12-20,0.01043081295306927
2017-12-21,0.010160156860696852
2017-12-22,0.009956834026154356
2017-12-27,0.009860857085913886
2017-12-28,0.009617909113647318
2017-12-29,0.00963960279760309
2018-01-02,0.009416081247216627
2018-01-03,0.010454445204592383
2018-01-04,0.010182793720216248
2018-01-05,0.01001490292337467
2018-01-08,0.009778536071471233
2018-01-09,0.009558809658060458
2018-01-10,0.009368521029503907
2018-01-11,0.009162165510999173
2018-01-12,0.008962834016448271
2018-01-15,0.009064261486600628
2018-01-16,0.008893473609117792
2018-01-17,0.009796890647627897
2018-01-18,0.009571773462982477
2018-01-19,0.009398259106870525
2018-01-22,0.009230315715178766
2018-01-23,0.00907706335748985
2018-01-24,0.009787561917386669
2018-01-25,0.00954913522614548
2018-01-26,0.009639478693287726
2018-01-29,0.010144427345536715
2018-01-30,0.010004398251583328
2018-01-31,0.010168245837175236
2018-02-01,0.010125106746099346
2018-02-02,0.010067391121165482
2018-02-05,0.009821573266299583
2018-02-06,0.01000478065108777
2018-02-07,0.01634599450570903
2018-02-08,0.01595881748306813
2018-02-09,0.015444166486163036
2018-02-12,0.016924936854359002
2018-02-13,0.01634341951166536
2018-02-14,0.016097757339548144
2018-02-15,0.01654573926692304
2018-02-20,0.016708404540494694
2018-02-21,0.01626188828563378
2018-02-22,0.016334758432087558
2018-02-23,0.016240798490336567
2018-02-26,0.015861566986427943
2018-02-27,0.015424034027626366
2018-02-28,0.015031271597481546
2018-03-01,0.014956095114052019
2018-03-02,0.014539577590495529
2018-03-05,0.014584790445546045
2018-03-06,0.015287164011018636
2018-03-07,0.01566624441457557
2018-03-08,0.015376200719375623
2018-03-09,0.015324963635881237
2018-03-12,0.015059444830018311
2018-03-13,0.01532966781262441
2018-03-14,0.01481338104363501
2018-03-15,0.014393349031897007
2018-03-16,0.013941559691396679
2018-03-19,0.013496995525953959
2018-03-20,0.013067390825146614
2018-03-21,0.012660106662557975
2018-03-22,0.012329118956653897
2018-03-23,0.012299155784033839
2018-03-26,0.013507373046548796
2018-03-27,0.013216050933753316
2018-03-28,0.012942668054000923
2018-03-29,0.014100799754581837
2018-04-03,0.013651415859239352
2018-04-04,0.013229527432952179
2018-04-06,0.014013672247777704
2018-04-09,0.013827812669672323
2018-04-10,0.013754697118407804
2018-04-11,0.013930054943609504
2018-04-12,0.01354209104686929
2018-04-13,0.0131262620955552
2018-04-16,0.012717930024301322
2018-04-17,0.01301242247872265
2018-04-18,0.012800673052031758
2018-04-19,0.012531294297629272
2018-04-20,0.012633036927582594
2018-04-23,0.012498928056466274
2018-04-24,0.012207135977493335
2018-04-25,0.012242808492187096
2018-04-26,0.012168766839638103
2018-04-27,0.012129334295740318
2018-04-30,0.011973614819117488
2018-05-02,0.012401301117937793
2018-05-03,0.012051871089317307
2018-05-04,0.012205835364524137
2018-05-07,0.012303672848637053
2018-05-08,0.01194213549419414
2018-05-09,0.012068036197932598
2018-05-10,0.011752796761782185
2018-05-11,0.011615039062342312
2018-05-14,0.011548968824730943
2018-05-15,0.011698710386359699
2018-05-16,0.011810764153627246
2018-05-17,0.011473050197059081
2018-05-18,0.01124117625985085
2018-05-21,0.010951258884590323
2018-05-23,0.01074467466400491
2018-05-24,0.011474966310040823
2018-05-25,0.011167011564240235
2018-05-28,0.010960565086711888
2018-05-29,0.010777432150854678
2018-05-30,0.010812497484058542
2018-05-31,0.0111398964150935
2018-06-01,0.011345082614531593
2018-06-04,0.0110231943157316
2018-06-05,0.011480064146557776
2018-06-06,0.011171673328899822
2018-06-07,0.010930625412818156
2018-06-08,0.01080966693253009
2018-06-11,0.011467823568978996
2018-06-12,0.011165499057857424
2018-06-13,0.010854712575764711
2018-06-14,0.011029659089579069
2018-06-15,0.011002160289468458
2018-06-19,0.010763843450435405
2018-06-20,0.012686857831121962
2018-06-21,0.012437979345308691
2018-06-22,0.01256566826651048
2018-06-25,0.012184605955553046
2018-06-26,0.012291093513318157
2018-06-27,0.011947681850667757
2018-06-28,0.012520698142004752
2018-06-29,0.01219470427592872
2018-07-03,0.012482993891450737
2018-07-04,0.012655503840241939
2018-07-05,0.01258439645529709
2018-07-06,0.01221600849402069
2018-07-09,0.011900819330407804
2018-07-10,0.011998692509136728
2018-07-11,0.011644004452185285
2018-07-12,0.01180267714938578
2018-07-13,0.011544537173055569
2018-07-16,0.01121587626107776
2018-07-17,0.010900226221613714
2018-07-18,0.011100174379408386
2018-07-19,0.010811920987456007
2018-07-20,0.010571080504981914
2018-07-23,0.010452607059118909
2018-07-24,0.010178874275380083
2018-07-25,0.010537706314451889
2018-07-26,0.01048954701582072
2018-07-27,0.01029831774130689
2018-07-30,0.010031753959657648
2018-07-31,0.009806240353032679
2018-08-01,0.009672244131360344
2018-08-02,0.009705469005405224
2018-08-03,0.011064841374457941
2018-08-06,0.010766472124483544
2018-08-07,0.010544774919689298
2018-08-08,0.010954407027534908
2018-08-09,0.010689740348393604
2018-08-10,0.010616785161788014
2018-08-13,0.010572703747268854
2018-08-14,0.011025422071728448
2018-08-15,0.010865195657760628
2018-08-16,0.011312263061575335
2018-08-17,0.011205938736756193
2018-08-20,0.010933368975087416
2018-08-21,0.01119236526880976
2018-08-22,0.010958523457271307
2018-08-23,0.010761659040988357
2018-08-24,0.010556337986619854
2018-08-27,0.010343545431598131
2018-08-28,0.011435224457051783
2018-08-29,0.01112566789741532
2018-08-30,0.010825399225446269
2018-08-31,0.010791290194012102
2018-09-03,0.010812301160523223
2018-09-04,0.01065514609322749
2018-09-05,0.01061971791715961
2018-09-06,0.012335961635455066
2018-09-07,0.012245207684282342
2018-09-10,0.011877633250394379
2018-09-11,0.012046474770410343
2018-09-12,0.01184573770166004
2018-09-13,0.011528852625906938
2018-09-14,0.012879719695638798
2018-09-17,0.012720490221606751
2018-09-18,0.012788090006780346
2018-09-19,0.01246464458834212
2018-09-20,0.012436023227861234
2018-09-21,0.012071052364357397
2018-09-24,0.012478375045339312
2018-09-26,0.012818023702875056
2018-09-27,0.01274142762733124
2018-09-28,0.012391190863024397
2018-10-02,0.01202924847971855
2018-10-03,0.013198776528836498
2018-10-04,0.012790837949319782
2018-10-05,0.013183553484199605
2018-10-08,0.012782778743237393
2018-10-09,0.012912407769075443
2018-10-10,0.012517265610856108
2018-10-11,0.012135981681350404
2018-10-12,0.01488097365970265
2018-10-15,0.015326835600600686
2018-10-16,0.01524531271624246
2018-10-18,0.014733064040278757
2018-10-19,0.014245695362533823
2018-10-22,0.013814203357073096
2018-10-23,0.014569205310969153
2018-10-24,0.01617505941124589
2018-10-25,0.015656395962987256
2018-10-26,0.015359210919507265
2018-10-29,0.015125588560871445
2018-10-30,0.01464471410557316
2018-10-31,0.01436613100610925
2018-11-01,0.014453448166058615
2018-11-02,0.014637560105576297
2018-11-05,0.017691526926119985
2018-11-06,0.01790185881678849
2018-11-07,0.017354777186524954
2018-11-08,0.016746572393780884
2018-11-09,0.01617937388057951
2018-11-12,0.01679815910408568
2018-11-13,0.016215741763456602
2018-11-14,0.015728779084461887
2018-11-15,0.01526445902486002
2018-11-16,0.015379717370782264
2018-11-19,0.014876667647252106
2018-11-20,0.014485303785686575
2018-11-21,0.014952630628204
2018-11-22,0.01450286275474364
2018-11-23,0.014030109105790601
2018-11-26,0.013611473000628904
2018-11-27,0.013860546884621168
2018-11-28,0.013423786848182287
2018-11-29,0.01340703481021845
2018-11-30,0.013185281528957793
2018-12-03,0.01277823190756637
2018-12-04,0.013931283636581113
2018-12-05,0.013495704771638788
2018-12-06,0.013728739497823862
2018-12-07,0.0147455147558018
2018-12-10,0.01429155082436514
2018-12-11,0.014175931591703288
2018-12-12,0.013714095588990035
2018-12-13,0.01386285167211861
2018-12-14,0.013787482025903696
2018-12-17,0.013995358475263862
2018-12-18,0.013542846811669824
2018-12-19,0.013400335168207309
2018-12-20,0.012981694269118028
2018-12-21,0.012819118798362656
2018-12-24,0.012479387721064954
2018-12-27,0.012150230049168376
2018-12-28,0.011925174424867535
2018-12-31,0.011574172056101745
2019-01-02,0.011716325495269402
2019-01-03,0.013431016000236311
2019-01-04,0.013027259866883401
2019-01-07,0.013807661553577176
2019-01-08,0.01350924400955398
2019-01-09,0.013082294626718727
2019-01-10,0.013883592142619664
2019-01-11,0.013443561357200843
2019-01-14,0.013081203293633907
2019-01-15,0.013178666921515767
2019-01-16,0.013725832905740396
2019-01-17,0.013297903085783323
2019-01-18,0.012963291416242435
2019-01-21,0.012933514037491222
2019-01-22,0.012563100004561385
2019-01-23,0.012324566063084874
2019-01-24,0.011952720691953345
2019-01-25,0.011639177638164222
2019-01-28,0.012023996521685893
2019-01-29,0.011667030023468871
2019-01-30,0.0113399544464598
2019-01-31,0.011056804917367165
2019-02-01,0.01107307714725999
2019-02-04,0.010766813196456622
2019-02-08,0.010483968153610197
2019-02-11,0.010219053743464207
2019-02-12,0.010100032758742612
2019-02-13,0.009844816729804839
2019-02-14,0.010015534359084723
2019-02-15,0.009787825154594847
2019-02-18,0.01071133055846795
2019-02-19,0.011152112005175234
2019-02-20,0.010902371562191497
2019-02-21,0.01088855697093676
2019-02-22,0.01063107718410268
2019-02-25,0.010462521187956925
2019-02-26,0.010252699250994968
2019-02-27,0.010139334849316551
2019-02-28,0.009883513145110944
2019-03-01,0.009713385958707141
2019-03-04,0.00959484716920954
2019-03-05,0.009443255289172175
2019-03-06,0.009223790967963219
2019-03-07,0.009034325426574496
2019-03-08,0.0091480825286978
2019-03-11,0.010233676073867343
2019-03-12,0.010249623141888688
2019-03-13,0.01062356045842878
2019-03-14,0.01039711574135318
2019-03-15,0.010128777538131848
2019-03-18,0.009958559283319403
2019-03-19,0.010281205220051614
2019-03-20,0.010022827423813264
2019-03-21,0.009864164908719086
2019-03-22,0.00988360412515717
2019-03-25,0.009642816441316489
2019-03-26,0.010779909229075582
2019-03-27,0.0104910305220791
2019-03-28,0.010300683392412848
2019-03-29,0.010038419376741471
2019-04-01,0.010061726023417792
2019-04-02,0.010737906309234728
2019-04-03,0.010456509141214286
2019-04-04,0.010615533286186916
2019-04-08,0.010344724878945343
2019-04-09,0.010134646513664507
2019-04-10,0.009893415483426909
2019-04-11,0.009657555322847422
2019-04-12,0.009742920994374196
2019-04-15,0.009519382868685543
2019-04-16,0.009342900546856993
2019-04-17,0.009498357871135342
2019-04-18,0.00927652518375322
2019-04-23,0.00918350356537014
2019-04-24,0.008979058880111359
2019-04-25,0.008902566045578608
2019-04-26,0.009008592867994283
2019-04-29,0.008821705011007201
2019-04-30,0.008957897649108804
2019-05-02,0.008938666746005736
2019-05-03,0.008973461831219698
2019-05-06,0.00884524858271577
2019-05-07,0.01143836066934275
2019-05-08,0.011179538495509823
2019-05-09,0.011332150901132355
2019-05-10,0.012622033114733202
2019-05-14,0.012405622782033594
2019-05-15,0.012650835502374579
2019-05-16,0.01232380776348613
2019-05-17,0.01195184722816995
2019-05-20,0.011994531404018198
2019-05-21,0.011741258230900935
2019-05-22,0.011471744404177656
2019-05-23,0.011148279511642522
2019-05-24,0.011596278057297215
2019-05-27,0.01128334967786053
2019-05-28,0.010987284028480622
2019-05-29,0.010717899998710373
2019-05-30,0.010541516312730741
2019-05-31,0.010334634648870187
2019-06-03,0.010283512008688067
2019-06-04,0.010018618022897219
2019-06-05,0.009859856244826673
2019-06-06,0.009688014889146002
2019-06-10,0.009471033440106547
2019-06-11,0.010858138988332147
2019-06-12,0.01072089997296099
2019-06-13,0.011361431957724887
2019-06-14,0.011040570499409472
2019-06-17,0.010874749516296583
2019-06-18,0.01061691042221345
2019-06-19,0.01061644683692289
2019-06-20,0.012157861525966629
2019-06-21,0.012180129041074596
2019-06-24,0.011841236456465808
2019-06-25,0.011496217898828338
2019-06-26,0.011566709059605645
2019-06-27,0.011235191358333048
2019-06-28,0.011466057134203858
2019-07-02,0.011166176003122936
2019-07-03,0.011225565410313216
2019-07-04,0.010912968725655814
2019-07-05,0.01063140142856795
2019-07-08,0.010350352592977074
2019-07-09,0.01085173117386151
2019-07-10,0.0107493482664789
2019-07-11,0.010481520157257129
2019-07-12,0.010388948761676635
2019-07-15,0.01012019863548437
2019-07-16,0.009883768222828682
2019-07-17,0.009651093763998584
2019-07-18,0.009425521981934287
2019-07-19,0.009293891768983821
2019-07-22,0.00945156122883276
2019-07-23,0.009903299886236876
2019-07-24,0.009687143110724519
2019-07-25,0.009462680224952912
2019-07-26,0.009256748172741393
2019-07-29,0.009234513768143878
2019-07-30,0.00942461225775993
2019-07-31,0.009209591444995908
2019-08-01,0.009635449619055823
2019-08-02,0.009623956088770652
2019-08-05,0.011185805329852104
2019-08-06,0.013124029872801283
2019-08-07,0.012839782728674951
2019-08-08,0.012442625038950026
2019-08-09,0.012115717274189381
2019-08-12,0.011901527496902518
2019-08-13,0.011615359983338458
2019-08-14,0.012528356940672438
2019-08-15,0.012146651654524509
2019-08-16,0.011926664283292037
2019-08-19,0.011797508472413542
2019-08-20,0.012666763048338959
2019-08-21,0.012296707225730704
2019-08-22,0.011929158212442564
2019-08-23,0.011792300207930389
2019-08-26,0.011507242503666115
2019-08-27,0.012223380704032774
2019-08-28,0.0118592375948684
2019-08-29,0.011525250118449386
2019-08-30,0.011220351047906968
2019-09-02,0.010904992324953353
2019-09-03,0.010659484926876154
2019-09-04,0.01042907512453428
2019-09-05,0.014126612623291054
2019-09-06,0.013667928714439177
2019-09-09,0.013324261398193498
2019-09-10,0.012904403784625295
2019-09-11,0.0125038857344169
2019-09-12,0.012907845432818768
2019-09-13,0.012530538334271351
2019-09-16,0.012381005326091042
2019-09-17,0.012209994154372341
2019-09-18,0.012277684900061708
2019-09-19,0.011916188598443627
2019-09-20,0.011901546386399144
2019-09-23,0.011558357154132719
2019-09-24,0.011429526956884546
2019-09-25,0.011112684196119292
2019-09-26,0.011309681152712303
2019-09-27,0.011021739171688178
2019-09-30,0.010758294389187004
2019-10-02,0.010540666960016645
2019-10-03,0.010277105212975556
2019-10-04,0.010026830506053299
2019-10-08,0.010200963904553268
2019-10-09,0.009958023914931237
2019-10-10,0.009948814687785228
2019-10-11,0.009701909083046549
2019-10-14,0.011125416071460986
2019-10-15,0.01099130390088731
2019-10-16,0.010690788086147748
2019-10-17,0.010501755854594461
2019-10-18,0.010357224034183377
2019-10-21,0.010173134848455986
2019-10-22,0.0099129025030039
2019-10-23,0.009678553238756632
2019-10-24,0.009694806469576525
2019-10-25,0.009694214021216884
2019-10-28,0.00955463166714756
2019-10-29,0.009548082188105843
2019-10-30,0.00938568069354061
2019-10-31,0.00925133665042712
2019-11-01,0.009301574639208056
2019-11-04,0.009253864859455561
2019-11-05,0.009927447911356961
2019-11-06,0.009749474749970377
2019-11-07,0.00951259743289671
2019-11-08,0.009387482488090763
2019-11-11,0.009363841361695597
2019-11-12,0.011379215772402817
2019-11-13,0.011121193608196824
2019-11-14,0.011804722207977798
2019-11-15,0.011722494088650125
2019-11-18,0.011380990338120442
2019-11-19,0.011545958081840967
2019-11-20,0.011851067219349795
2019-11-21,0.01167837167956151
2019-11-22,0.012057261749957755
2019-11-25,0.011753263616682266
2019-11-26,0.011997075250296373
2019-11-27,0.011672108299955249
2019-11-28,0.011336381754040519
2019-11-29,0.011034746652633029
2019-12-02,0.011956030426159548
2019-12-03,0.011633452473455819
2019-12-04,0.011312936314189835
2019-12-05,0.011468040541134948
2019-12-06,0.011227969624988081
2019-12-09,0.011224172958229344
2019-12-10,0.010908893181275234
2019-12-11,0.010629628860325995
2019-12-12,0.010519523120211736
2019-12-13,0.010737729619175476
2019-12-16,0.012271184508025269
2019-12-17,0.012029878560066397
2019-12-18,0.012052971995967493
2019-12-19,0.0116976306661537
2019-12-20,0.011389975000929652
2019-12-23,0.011078872671876946
2019-12-24,0.010772569232431759
2019-12-27,0.010491310099015255
2019-12-30,0.010702805028400108
2019-12-31,0.010440801687180219
2020-01-02,0.010244373796475383
2020-01-03,0.010448448285600282
2020-01-06,0.010214781724690347
2020-01-07,0.010174394127495484
2020-01-08,0.009943413512728299
2020-01-09,0.00994284652040155
2020-01-10,0.010559885315036509
2020-01-13,0.010295514203886767
2020-01-14,0.010389291235956562
2020-01-15,0.01014238597788891
2020-01-16,0.009942840468934021
2020-01-17,0.009733882224179447
2020-01-20,0.00960437668175776
2020-01-21,0.009673076378069996
2020-01-22,0.011910109196567889
2020-01-23,0.011976152265476422
2020-01-24,0.0122833143411559
2020-01-29,0.01191634633331796
2020-01-30,0.013666503861588125
2020-01-31,0.014858010397843681
2020-02-03,0.014433007782802085
2020-02-04,0.013962557400725772
2020-02-05,0.013835180294615826
2020-02-06,0.013423421635190797
2020-02-07,0.014583753563887874
2020-02-10,0.014132781311937206
2020-02-11,0.013767464892228583
2020-02-12,0.013680506528568712
2020-02-13,0.013409365934337638
2020-02-14,0.013019172607202452
2020-02-17,0.01263139787742286
2020-02-18,0.012304429958726661
2020-02-19,0.01258822618273012
2020-02-20,0.012249072371909593
2020-02-21,0.01189254629204912
2020-02-24,0.011893091180412345
2020-02-25,0.012442521174338566
2020-02-26,0.012078809900298257
2020-02-27,0.01188201757685675
2020-02-28,0.011552381973833119
2020-03-02,0.012849095258998073
2020-03-03,0.01253810530516524
2020-03-04,0.012156545862874887
2020-03-05,0.011814073086407716
2020-03-06,0.012589780054915862
2020-03-09,0.013601508481632097
2020-03-10,0.017070136522773786
2020-03-11,0.016836943027582384
2020-03-12,0.016341331129384087
2020-03-13,0.018367318209396785
2020-03-16,0.01796359908992478
2020-03-17,0.02018905917415267
2020-03-18,0.019568151885711635
2020-03-19,0.02169874207938284
2020-03-20,0.02196136928304817
2020-03-23,0.024692231641960608
2020-03-24,0.02683713447088433
2020-03-25,0.028159422973813224
2020-03-26,0.02873357003397874
2020-03-27,0.027705561885019398
2020-03-30,0.02668265493930336
2020-03-31,0.025900032741020203
2020-04-01,0.025341285197225324
2020-04-02,0.025037531579075515
2020-04-03,0.02418016655254588
2020-04-06,0.023280255328580288
2020-04-07,0.023080703395453196
2020-04-08,0.022844199119104423
2020-04-09,0.022207192998761793
2020-04-14,0.021653648756201495
2020-04-15,0.02089645485805896
2020-04-16,0.020371126460733566
2020-04-17,0.01969053919551643
2020-04-20,0.019365990649220205
2020-04-21,0.018677719201218756
2020-04-22,0.018893020297509347
2020-04-23,0.01824097897948876
2020-04-24,0.017610176270222728
2020-04-27,0.01706954701001842
2020-04-28,0.01712847308951767
2020-04-29,0.016799711670742557
2020-05-04,0.01622695750304806
2020-05-05,0.01899178379461847
2020-05-06,0.018499898728764758
2020-05-07,0.018052718696769054
2020-05-08,0.017500452879812806
2020-05-11,0.017076011434839576
2020-05-12,0.016913179541827132
2020-05-13,0.01675732682807345
2020-05-14,0.016194481224079307
2020-05-15,0.016090578319080808
2020-05-18,0.015545449259808601
2020-05-19,0.01508125581159403
2020-05-20,0.015321353428490695
2020-05-21,0.014805410165889998
2020-05-22,0.014377100854432372
2020-05-25,0.019906644861393385
2020-05-26,0.019184789487678166
2020-05-27,0.01908039362748627
2020-05-28,0.018421895080551972
2020-05-29,0.01787081926041293
2020-06-01,0.017352427951615016
2020-06-02,0.01875203210597219
2020-06-03,0.01828462067588513
2020-06-04,0.01795789303448071
2020-06-05,0.0173248871801685
2020-06-08,0.01721735427838951
2020-06-09,0.01661461880609973
2020-06-10,0.016278291956269265
2020-06-11,0.015719190433038432
2020-06-12,0.01628528166596429
2020-06-15,0.015846292424159327
2020-06-16,0.01629500909374264
2020-06-17,0.016828178653149468
2020-06-18,0.01629781233411729
2020-06-19,0.015739167637595034
2020-06-22,0.015305501674764896
2020-06-23,0.014862988867803064
2020-06-24,0.014917596981794451
2020-06-26,0.01448678586199772
2020-06-29,0.014227303547489457
2020-06-30,0.014020742551754697
2020-07-02,0.013620588044824262
2020-07-03,0.015003474162478603
2020-07-06,0.014702991455854561
2020-07-07,0.01714632019638775
2020-07-08,0.01693621562861029
2020-07-09,0.01640632397942809
2020-07-10,0.015855341661753196
2020-07-13,0.016045076104109546
2020-07-14,0.015499457777447838
2020-07-15,0.015273662108236927
2020-07-16,0.014760053141623155
2020-07-17,0.015188524396931892
2020-07-20,0.014720442957015674
2020-07-21,0.01423865028663628
2020-07-22,0.014931451933295729
2020-07-23,0.015567936072254736
2020-07-24,0.015170575478343457
2020-07-27,0.015736507166384493
2020-07-28,0.0152448368266858
2020-07-29,0.014824858611960385
2020-07-30,0.014369307416986601
2020-07-31,0.014022467676006076
2020-08-03,0.013628494322334235
2020-08-04,0.013279751210427303
2020-08-05,0.013791749680965543
2020-08-06,0.013430871951233929
2020-08-07,0.013134379440945152
2020-08-10,0.013388768564612892
2020-08-11,0.01307525946463358
2020-08-12,0.01371361978180071
2020-08-13,0.013730252906808751
2020-08-14,0.013291481618342227
2020-08-17,0.012884913505160758
2020-08-18,0.01258221938056498
2020-08-19,0.012197755920149262
2020-08-20,0.01199823507198915
2020-08-21,0.012315590886813409
2020-08-24,0.01236757320530025
2020-08-25,0.012752626388572927
2020-08-26,0.012382106035918508
2020-08-27,0.012007244021118205
2020-08-28,0.011857385941237792
2020-08-31,0.011584041409299042
2020-09-01,0.011535212270975845
2020-09-02,0.011203075439807964
2020-09-03,0.010914144085259094
2020-09-04,0.010686320375776383
2020-09-07,0.010902169572437302
2020-09-08,0.010669436005169982
2020-09-09,0.010385670550615149
2020-09-10,0.010256666025867507
2020-09-11,0.010138033833683953
2020-09-14,0.010057997788762478
2020-09-15,0.009892714683744908
2020-09-16,0.009685564630032997
2020-09-17,0.009453696645735499
2020-09-18,0.010086162267620493
2020-09-21,0.009891653144835002
2020-09-22,0.011031337519687824
2020-09-23,0.011032141752731562
2020-09-24,0.010727463919940625
2020-09-25,0.011456319271437903
2020-09-28,0.011166641791302502
2020-09-29,0.011145596926815366
2020-09-30,0.011069465313159572
2020-10-05,0.010928903404080925
2020-10-06,0.011113505451109838
2020-10-07,0.01102064816675394
2020-10-08,0.01104567010815512
2020-10-09,0.010756708539671686
2020-10-12,0.010502057981479232
2020-10-14,0.011607816730422361
2020-10-15,0.011272224224200853
2020-10-16,0.012188226504658504
2020-10-19,0.012045335845045952
2020-10-20,0.011785948405703127
2020-10-21,0.011442454676035543
2020-10-22,0.011262193388676556
2020-10-23,0.010946440624227163
2020-10-27,0.010719323139679698
2020-10-28,0.010529096586938394
2020-10-29,0.010289417696331711
2020-10-30,0.010114399694656509
2020-11-02,0.011079427944503919
2020-11-03,0.011363257850499197
2020-11-04,0.01207438340335537
2020-11-05,0.011732678703741551
2020-11-06,0.014022572919092178
2020-11-09,0.013567915843918508
2020-11-10,0.013451233354969103
2020-11-11,0.013298774361020298
2020-11-12,0.012904884020956249
2020-11-13,0.012521435864924546
2020-11-16,0.012141589231505769
2020-11-17,0.011962084425243005
2020-11-18,0.011610336420788575
2020-11-19,0.01133226891502152
2020-11-20,0.011172497627922913
2020-11-23,0.010889451720542214
2020-11-24,0.010593397850936694
2020-11-25,0.01034792102293742
2020-11-26,0.010101075012694973
2020-11-27,0.009933863218723653
2020-11-30,0.009706059993317412
2020-12-01,0.010869667815391788
2020-12-02,0.010775661557559274
2020-12-03,0.010492103440374559
2020-12-04,0.010368277724861132
2020-12-07,0.010139448870063024
2020-12-08,0.010392303152184064
2020-12-09,0.01032399812812861
2020-12-10,0.01021849051884758
2020-12-11,0.010004365401773699
2020-12-14,0.009787498103734379
2020-12-15,0.009625579071750255
2020-12-16,0.009577201098017823
2020-12-17,0.00964212009214007
2020-12-18,0.009620642453572718
2020-12-21,0.009564499499005306
2020-12-22,0.009537754745218657
2020-12-23,0.009506967984938254
2020-12-24,0.009513803325474371
2020-12-28,0.009295487304739685
2020-12-29,0.009118652545693792
2020-12-30,0.009222973693275018
2020-12-31,0.010530242277181554
2021-01-04,0.010273693524706473
2021-01-05,0.010237946086432956
2021-01-06,0.010092239643446186
2021-01-07,0.009840619091755985
2021-01-08,0.009703145941390571
2021-01-11,0.009916101269859687
2021-01-12,0.00967141742562228
2021-01-13,0.009985758618112931
2021-01-14,0.00974702753089443
2021-01-15,0.00977363927099404
2021-01-18,0.009553359105067138
2021-01-19,0.009649449388917201
2021-01-20,0.011599511762528696
2021-01-21,0.01157118187099963
2021-01-22,0.011244111421470457
2021-01-25,0.011699082783753666
2021-01-26,0.012866587785320675
2021-01-27,0.014095922451139694
2021-01-28,0.013668008836161863
2021-01-29,0.014778246269238529
2021-02-01,0.014501248507164784
2021-02-02,0.015020085120093897
2021-02-03,0.01483168196682025
2021-02-04,0.014344478058961507
2021-02-05,0.013988535490297146
2021-02-08,0.013610753938737861
2021-02-09,0.013176726281599627
2021-02-10,0.012824696020322284
2021-02-11,0.013306599271300672
2021-02-16,0.012928286832495724
2021-02-17,0.013390431635143087
2021-02-18,0.013243953410384252
2021-02-19,0.01346830574059744
2021-02-22,0.013043802699543422
2021-02-23,0.012942141508318388
2021-02-24,0.012791201593418613
2021-02-25,0.014589925190750013
2021-02-26,0.014412735124314551
2021-03-01,0.016787291542301633
2021-03-02,0.016701708515916694
2021-03-03,0.01643318270910994
2021-03-04,0.0172462447220194
2021-03-05,0.01755278501599742
2021-03-08,0.01698511701196961
2021-03-09,0.017130871103851406
2021-03-10,0.016649171588567043
2021-03-11,0.01610890641229749
2021-03-12,0.016089779309537765
2021-03-15,0.016548074300009003
2021-03-16,0.015992451977328064
2021-03-17,0.015529284133362494
2021-03-18,0.015003738267059964
2021-03-19,0.01484207215241333
2021-03-22,0.01481503197189999
2021-03-23,0.014359464436752211
2021-03-24,0.01432701732069193
2021-03-25,0.014826416532591152
2021-03-26,0.014336085942575153
2021-03-29,0.014399887969823942
2021-03-30,0.013927378910790265
2021-03-31,0.013631746644749015
2021-04-01,0.013327899819080788
2021-04-07,0.013813897506597483
2021-04-08,0.013586380419414202
2021-04-09,0.013459186097890903
2021-04-12,0.013331443738960553
2021-04-13,0.013109037466792563
2021-04-14,0.01270164839859218
2021-04-15,0.012799582099163187
2021-04-16,0.012448159901764533
2021-04-19,0.012157938168510572
2021-04-20,0.011845228413036403
2021-04-21,0.011498358751373639
2021-04-22,0.012073259460866192
2021-04-23,0.011764013284806828
2021-04-26,0.011749304104793204
2021-04-27,0.011469336790067423
2021-04-28,0.011142342170342583
2021-04-29,0.010880404949139156
2021-04-30,0.010756759015398926
2021-05-03,0.01165116924954855
2021-05-04,0.011799658154071137
2021-05-05,0.011578134494881893
2021-05-06,0.011323315748063277
2021-05-07,0.011159018610435249
2021-05-10,0.010851559816541947
2021-05-11,0.010557506302633553
2021-05-12,0.011552047058339192
2021-05-13,0.011374282536811255
2021-05-14,0.012015222455403953
2021-05-17,0.011975241853806676
2021-05-18,0.01170612401330439
2021-05-20,0.01189402891038555
2021-05-21,0.011625427391665262
2021-05-24,0.011288684997420466
2021-05-25,0.010981207825363538
2021-05-26,0.011535419033656957
2021-05-27,0.011406821252152899
2021-05-28,0.01109543618237172
2021-05-31,0.010786020150415283
2021-06-01,0.010493773221101461
2021-06-02,0.010556672386653566
2021-06-03,0.01039507759894322
2021-06-04,0.010552120464099686
2021-06-07,0.010284576579693859
2021-06-08,0.010096003769496622
2021-06-09,0.009841062068618681
2021-06-10,0.00960915480009208
2021-06-11,0.009380919166152829
2021-06-15,0.00920071154672775
2021-06-16,0.009192363697850486
2021-06-17,0.009183795348685589
2021-06-18,0.009033114784931948
2021-06-21,0.009074196112941713
2021-06-22,0.0093244387160384
2021-06-23,0.009268715101882746
2021-06-24,0.010096876629019848
2021-06-25,0.009852283430912379
2021-06-28,0.010218333109524075
2021-06-29,0.009959298693901178
2021-06-30,0.01002321715361346
2021-07-02,0.009894498476353325
2021-07-05,0.010718958093652113
2021-07-06,0.010551355925002663
2021-07-07,0.01029717087283141
2021-07-08,0.010092147542251533
2021-07-09,0.012337580299775745
2021-07-12,0.012084109962267435
2021-07-13,0.011818167958125503
2021-07-14,0.012163522188507582
2021-07-15,0.011921451873697739
2021-07-16,0.011710643774058394
2021-07-19,0.01136954500329679
2021-07-20,0.012034908680897455
2021-07-21,0.011889039251186943
2021-07-22,0.01154662627953387
2021-07-23,0.012107724108460177
2021-07-26,0.01234211126734349
2021-07-27,0.016000880096915172
2021-07-28,0.01887750272178823
2021-07-29,0.018598988045399792
2021-07-30,0.019763460656115374
2021-08-02,0.019370824721638768
2021-08-03,0.018851156716604974
2021-08-04,0.018182110381133834
2021-08-05,0.017667421650321865
2021-08-06,0.01719040861399765
2021-08-09,0.01659245141187492
2021-08-10,0.016043892236734046
2021-08-11,0.01578593871005656
2021-08-12,0.015254295556673615
2021-08-13,0.01481340912042418
2021-08-16,0.014381027263351004
2021-08-17,0.014070688696328089
2021-08-18,0.014286442288318435
2021-08-19,0.013862544148401412
2021-08-20,0.014505199455028326
2021-08-23,0.014822484733370089
2021-08-24,0.01455680812243141
2021-08-25,0.015367532144492888
2021-08-26,0.014855820871401106
2021-08-27,0.014642668509876174
2021-08-30,0.014159571675013733
2021-08-31,0.013752283636178888
2021-09-01,0.013708942422523534
2021-09-02,0.01333943883068538
2021-09-03,0.012927422020674378
2021-09-06,0.0126744956016246
2021-09-07,0.01253088987279196
2021-09-08,0.012273609381675148
2021-09-09,0.011911334366621036
2021-09-10,0.013000134496970683
2021-09-13,0.013459541665028465
2021-09-14,0.013604711325761663
2021-09-15,0.013546249532222443
2021-09-16,0.013957910622180098
2021-09-17,0.014034139919025792
2021-09-20,0.01380851961118066
2021-09-21,0.015831605524515263
2021-09-23,0.015338434873966762
2021-09-24,0.015110508098420078
2021-09-27,0.014997013287035864
2021-09-28,0.014496365207888223
2021-09-29,0.014329099521136422
2021-09-30,0.013951034884137625
2021-10-04,0.013537070966670587
2021-10-05,0.014284556015742063
2021-10-06,0.013831053361727826
2021-10-07,0.013475162466261882
2021-10-08,0.015151964221563858
2021-10-11,0.01470165713107367
2021-10-12,0.015032563587590782
2021-10-15,0.015004090986583913
2021-10-18,0.014956266105605515
2021-10-19,0.014473853404186617
2021-10-20,0.01447311117221753
2021-10-21,0.014390206962405784
2021-10-22,0.01397423105724913
2021-10-25,0.013556442960812192
2021-10-26,0.013124064518270483
2021-10-27,0.012752837443521197
2021-10-28,0.013022278591568822
2021-10-29,0.012642671010960845
2021-11-01,0.012397693896495816
2021-11-02,0.012246602666713907
2021-11-03,0.011896343080271406
2021-11-04,0.01157772760792462
2021-11-05,0.011409168960552121
2021-11-08,0.01167757144693653
2021-11-09,0.011400607994360974
2021-11-10,0.011082852615128789
2021-11-11,0.010919573511194632
2021-11-12,0.010901352171931944
2021-11-15,0.010625580381426223
2021-11-16,0.01035460744569522
2021-11-17,0.01056058265887242
2021-11-18,0.010305288223140353
2021-11-19,0.010590551746581894
2021-11-22,0.010684032114364621
2021-11-23,0.010454472738439392
2021-11-24,0.01065713307022984
2021-11-25,0.01037380800294379
2021-11-26,0.010113247757633581
2021-11-29,0.012021913088072291
2021-11-30,0.011932383274369122
2021-12-01,0.012291426451423141
2021-12-02,0.01206997966068495
2021-12-03,0.01178239139391529
2021-12-06,0.011442605061437412
2021-12-07,0.012016941127071898
2021-12-08,0.013503913988811907
2021-12-09,0.013074035988952184
2021-12-10,0.012936238918555864
2021-12-13,0.01284683041735336
2021-12-14,0.01246043488951321
2021-12-15,0.012573933212545043
2021-12-16,0.012426635802185348
2021-12-17,0.012059625135327911
2021-12-20,0.012121482424846432
2021-12-21,0.012783073749094405
2021-12-22,0.012624984829557524
2021-12-23,0.012312323277232563
2021-12-24,0.011975152504476927
2021-12-28,0.011622900011535065
2021-12-29,0.01129833342675414
2021-12-30,0.011200645639791042
2021-12-31,0.010887253603594459
2022-01-03,0.011017765351573568
2022-01-04,0.010808298939263074
2022-01-05,0.010514151198135101
2022-01-06,0.01109401451402759
2022-01-07,0.010924037943923316
2022-01-10,0.011551856428314668
2022-01-11,0.011525646030643816
2022-01-12,0.01119542821138529
2022-01-13,0.012941677567713977
2022-01-14,0.012540493422747474
2022-01-17,0.012171681011394035
2022-01-18,0.011947406497420932
2022-01-19,0.01165678717712784
2022-01-20,0.011318564668621085
2022-01-21,0.013957235453276906
2022-01-24,0.013505567254324717
2022-01-25,0.013473355048115365
2022-01-26,0.013754221484647762
2022-01-27,0.0133178208927335
2022-01-28,0.013890085064481625
2022-01-31,0.013739486956365414
2022-02-04,0.013554696222228425
2022-02-07,0.015442739782166854
2022-02-08,0.014921183146535962
2022-02-09,0.014672269611879136
2022-02-10,0.015087015965550756
2022-02-11,0.014607715364367108
2022-02-14,0.014127930865481855
2022-02-15,0.014153796237789602
2022-02-16,0.013865316068017693
2022-02-17,0.013917170999591135
2022-02-18,0.013483552783131712
2022-02-21,0.013934193736105032
2022-02-22,0.013596486208377462
2022-02-23,0.014880915610994012
2022-02-24,0.01445517453784123
2022-02-25,0.01623689598091424
2022-02-28,0.015759404756866713
2022-03-01,0.015239482662950533
2022-03-02,0.014734064758036649
2022-03-03,0.015022873493543492
2022-03-04,0.014579378878989715
2022-03-07,0.015509624457294787
2022-03-08,0.017984780568639554
2022-03-09,0.01772221762915157
2022-03-10,0.017190440694200927
2022-03-11,0.016883124283895615
2022-03-14,0.016827476760417095
2022-03-15,0.02065016049279533
2022-03-16,0.024703856212020175
2022-03-17,0.03308306942812215
2022-03-18,0.03644745667039218
2022-03-21,0.03504629052435515
2022-03-22,0.03376734171159089
2022-03-23,0.033407451001087315
2022-03-24,0.032250823871867215
2022-03-25,0.03110426699437404
2022-03-28,0.030576996426705347
2022-03-29,0.029577094177657397
2022-03-30,0.028574501248700472
2022-03-31,0.02769500634269739
2022-04-01,0.026784841066834764
2022-04-04,0.025770195360932852
2022-04-06,0.0253434955931372
2022-04-07,0.02486812764422091
2022-04-08,0.024148487821722492
2022-04-11,0.0232513772677955
2022-04-12,0.02371074422368369
2022-04-13,0.022856754704794282
2022-04-14,0.022013393012746744
2022-04-19,0.02126036676840075
2022-04-20,0.021311061862106195
2022-04-21,0.02055709154156568
2022-04-22,0.02007727005229136
2022-04-25,0.019357881659001642
2022-04-26,0.020976049281255748
2022-04-27,0.020220345872986135
2022-04-28,0.019484249502404457
2022-04-29,0.01922420891854384
2022-05-03,0.021107384826368838
2022-05-04,0.02033259267386588
2022-05-05,0.019805225029626786
2022-05-06,0.01911493215162123
2022-05-10,0.020863580245657595
2022-05-11,0.02066088822222925
2022-05-12,0.02004648878405746
2022-05-13,0.020170140488396736
2022-05-16,0.020560475063264926
2022-05-17,0.019817297999052325
2022-05-18,0.020792119867362437
2022-05-19,0.02003530137511884
2022-05-20,0.020388933287605573
2022-05-23,0.02100821221048613
2022-05-24,0.02047911956384721
2022-05-25,0.020249224099403728
2022-05-26,0.019522578142282598
2022-05-27,0.018833828159182105
2022-05-30,0.01955264774741738
2022-05-31,0.019535118886800942
2022-06-01,0.01913500436497757
2022-06-02,0.018509821340542843
2022-06-06,0.01804366935836757
2022-06-07,0.018685103693051267
2022-06-08,0.018081984822577557
2022-06-09,0.018319290192959914
2022-06-10,0.01775671903813487
2022-06-13,0.017149832865404457
2022-06-14,0.018705592734986294
2022-06-15,0.018036450612844483
2022-06-16,0.017620912771078186
2022-06-17,0.01790657062661335
2022-06-20,0.01748285751433486
2022-06-21,0.01689617570156853
2022-06-22,0.016959754968921405
2022-06-23,0.017651051642529877
2022-06-24,0.017311434865524968
2022-06-27,0.017502274481974743
2022-06-28,0.017880964304452976
2022-06-29,0.01737191350068391
2022-06-30,0.017460845561071456
2022-07-04,0.01693121700684437
2022-07-05,0.016347385531492002
2022-07-06,0.015784999209140966
2022-07-07,0.015580066424528553
2022-07-08,0.01506292897011701
2022-07-11,0.014584757849613866
2022-07-12,0.01580978600995991
2022-07-13,0.015659546819493844
2022-07-14,0.015142787607661565
2022-07-15,0.014650545538102602
2022-07-18,0.015254810988599375
2022-07-19,0.016224067894541207
2022-07-20,0.015843110448469994
2022-07-21,0.01554318894004686
2022-07-22,0.015526085425223974
2022-07-25,0.015004183322616035
2022-07-26,0.014518488835500725
2022-07-27,0.014638676166456565
2022-07-28,0.014462899032013497
2022-07-29,0.014003822105780293
2022-08-01,0.014759192568012322
2022-08-02,0.014269507945694308
2022-08-03,0.015096115763536401
2022-08-04,0.01461877003896841
2022-08-05,0.015040431296897578
2022-08-08,0.014539743063723394
2022-08-09,0.014211459123096066
2022-08-10,0.0137623945899475
2022-08-11,0.014260599237986832
2022-08-12,0.015050076531785672
2022-08-15,0.014586838874072382
2022-08-16,0.014219551555506351
2022-08-17,0.014031520775771888
2022-08-18,0.013619109776915907
2022-08-19,0.013353707130621924
2022-08-22,0.01293104672859091
2022-08-23,0.012629861335829209
2022-08-24,0.01241968182886691
2022-08-25,0.012450328194965367
2022-08-26,0.01514047270280277
2022-08-29,0.014839831155170909
2022-08-30,0.014478521760123576
2022-08-31,0.014040812717456547
2022-09-01,0.013585147616274685
2022-09-02,0.013950063426609286
2022-09-05,0.013643898531764424
2022-09-06,0.013557284090339596
2022-09-07,0.013130982192439633
2022-09-08,0.01290783028219606
2022-09-09,0.012781249011035422
2022-09-13,0.014106275852045169
2022-09-14,0.013659144450253895
2022-09-15,0.014696008977517917
2022-09-16,0.014246151926244534
2022-09-19,0.013982503196623874
2022-09-20,0.013807033829344992
2022-09-21,0.01366356990939109
2022-09-22,0.014023655782950496
2022-09-23,0.014201598783845587
2022-09-26,0.014085766258706561
2022-09-27,0.013681388956684866
2022-09-28,0.013242923239073643
2022-09-29,0.015543703679577971
2022-09-30,0.015078317632696023
2022-10-03,0.014592670253841374
2022-10-05,0.014283924665288474
2022-10-06,0.020336481803041442
2022-10-07,0.019629927426780082
2022-10-10,0.019326256080696668
2022-10-11,0.02012232187066567
2022-10-12,0.020233291112559736
2022-10-13,0.019607735926792106
2022-10-14,0.01951129537725176
2022-10-17,0.019041340750056635
2022-10-18,0.018359306831043264
2022-10-19,0.01827319769944133
2022-10-20,0.01867065061247831
2022-10-21,0.018371144603341806
2022-10-24,0.01775586657196582
2022-10-25,0.023625465206497494
2022-10-26,0.022744767959517853
2022-10-27,0.02203588911315925
2022-10-28,0.021291324220640385
2022-10-31,0.022566456941115174
2022-11-01,0.021950389007135657
2022-11-02,0.024926157640036896
2022-11-03,0.024731626088649337
2022-11-04,0.025090220421971704
2022-11-07,0.02767579760628223
2022-11-08,0.027461686428385746
2022-11-09,0.026424554251797003
2022-11-10,0.02561708612972531
2022-11-11,0.025041188918128458
2022-11-14,0.031056386851327136
2022-11-15,0.03015614201865629
2022-11-16,0.030787306639768267
2022-11-17,0.029630428393978628
2022-11-18,0.028654742831882723
2022-11-21,0.027571497610203645
2022-11-22,0.026962310213699894
2022-11-23,0.026163744165790592
2022-11-24,0.025208580818523604
2022-11-25,0.02433119953934052
2022-11-28,0.023456946760887654
2022-11-29,0.022948231262994754
2022-11-30,0.025755387010093177
2022-12-01,0.0253598353637789
2022-12-02,0.02446911289888404
2022-12-05,0.02356798134311611
2022-12-06,0.025382801953514805
2022-12-07,0.024449463657565743
2022-12-08,0.02495071113262475
2022-12-09,0.025468284180723937
2022-12-12,0.025182096234487562
2022-12-13,0.02489130710328478
2022-12-14,0.024009457154017668
2022-12-15,0.023127236518167695
2022-12-16,0.022629144325010807
2022-12-19,0.02181041592255731
2022-12-20,0.02105035056740017
2022-12-21,0.020576423614901217
2022-12-22,0.01983985364507499
2022-12-23,0.020289518740612113
2022-12-28,0.019587981178270285
2022-12-29,0.01927245557794738
2022-12-30,0.018698211324387693
2023-01-03,0.018034015549196838
2023-01-04,0.017987420313950533
2023-01-05,0.019139857778543448
2023-01-06,0.01870485781037064
2023-01-09,0.018054653633749206
2023-01-10,0.018039459608342058
2023-01-11,0.01741706570173822
2023-01-12,0.016844415632596876
2023-01-13,0.016279517419452477
2023-01-16,0.015925763625488126
2023-01-17,0.015381853454635067
2023-01-18,0.01500764723735651
2023-01-19,0.014546706927785083
2023-01-20,0.0140731945397105
2023-01-26,0.014348482754531695
2023-01-27,0.015090406546394009
2023-01-30,0.014640985342582038
2023-01-31,0.01581199340291163
2023-02-01,0.015513879153014404
2023-02-02,0.015208952295313528
2023-02-03,0.014765880067719856
2023-02-06,0.014710982952896943
2023-02-07,0.01516092039005281
2023-02-08,0.01467522121869993
2023-02-09,0.014192260753792376
2023-02-10,0.014293028339498845
2023-02-13,0.014772817938357021
2023-02-14,0.014288426819964959
2023-02-15,0.013839120202759578
2023-02-16,0.013903861462422387
2023-02-17,0.013609291534895523
2023-02-20,0.013592789949499617
2023-02-21,0.013302630488347398
2023-02-22,0.013630742899663815
2023-02-23,0.013269732744692455
2023-02-24,0.01289021407672118
2023-02-27,0.013231500036339671
2023-02-28,0.012849619736406033
2023-03-01,0.012629070639037548
2023-03-02,0.016207159506275316
2023-03-03,0.015840532034125214
2023-03-06,0.015386026091981813
2023-03-07,0.01487097104997609
2023-03-08,0.014407280428839537
2023-03-09,0.015205719575274506
2023-03-10,0.014792280522583164
2023-03-13,0.016306777478526824
2023-03-14,0.016476061666844365
2023-03-15,0.016961360857665243
2023-03-16,0.01679608917651478
2023-03-17,0.016818478244677814
2023-03-20,0.016735951979841013
2023-03-21,0.01754739146101003
2023-03-22,0.01725903676558039
2023-03-23,0.01719923654758362
2023-03-24,0.017598234336649542
2023-03-27,0.017073434487957992
2023-03-28,0.017092637927157584
2023-03-29,0.016718412017871963
2023-03-30,0.016938073196684538
2023-03-31,0.016405311055626277
2023-04-03,0.015873507461598324
2023-04-04,0.015332007322568526
2023-04-06,0.014921825740874427
2023-04-11,0.014437412772583029
2023-04-12,0.01408198888165526
2023-04-13,0.013813472650148859
2023-04-14,0.013372804811599113
2023-04-17,0.01299414111703907
2023-04-18,0.01326404049635735
2023-04-19,0.012959717681410448
2023-04-20,0.013057590535993957
2023-04-21,0.012652102269378922
2023-04-24,0.01293315353846406
2023-04-25,0.012628623147482762
2023-04-26,0.013028601580859856
2023-04-27,0.012736761468019352
2023-04-28,0.012382215269075045
2023-05-02,0.012022060240834066
2023-05-03,0.011672077184345805
2023-05-04,0.011747897604047592
2023-05-05,0.011824813560876092
2023-05-08,0.011538669146588534
2023-05-09,0.011612273215127825
2023-05-10,0.01253855381284402
2023-05-11,0.01224194251579312
2023-05-12,0.011878777286900304
2023-05-15,0.01163985530660882
2023-05-16,0.01211333283865808
2023-05-17,0.011751840044858235
2023-05-18,0.0126302137497016
2023-05-19,0.012416383610214044
2023-05-22,0.012586149031172673
2023-05-23,0.012535704672715302
2023-05-24,0.012591196104175811
2023-05-25,0.012917572210817286
2023-05-29,0.013482078188581286
2023-05-30,0.013341244029697377
2023-05-31,0.012929344230224625
2023-06-01,0.013505421346123113
2023-06-02,0.013079885090781597
2023-06-05,0.01622692219878067
2023-06-06,0.01579998921530552
2023-06-07,0.015263496035661532
2023-06-08,0.014876528584179175
2023-06-09,0.014390853677331738
2023-06-12,0.013961659841707942
2023-06-13,0.01351002559421953
2023-06-14,0.013158329748099648
2023-06-15,0.012841813458580065
2023-06-16,0.01357013591472111
2023-06-19,0.013394364353715655
2023-06-20,0.013083056420345874
2023-06-21,0.013291962392065983
2023-06-23,0.013862075291267636
2023-06-26,0.014132832439698888
2023-06-27,0.013743298382296964
2023-06-28,0.014105154271269078
2023-06-29,0.013648125540170893
2023-06-30,0.013606117476017468
2023-07-03,0.013175658488277349
2023-07-04,0.013760691465848057
2023-07-05,0.013385391944856962
2023-07-06,0.01359435783975625
2023-07-07,0.015290815837814109
2023-07-10,0.014969484198410205
2023-07-11,0.01454537856023392
2023-07-12,0.014265629696161367
2023-07-13,0.014049917033772397
2023-07-14,0.015070157695472944
2023-07-18,0.014584203234643768
2023-07-19,0.01507159049274112
2023-07-20,0.014598100996843716
2023-07-21,0.014122412036202223
2023-07-24,0.013791444948354145
2023-07-25,0.014447809813408565
2023-07-26,0.017384296065111462
2023-07-27,0.016804170945767458
2023-07-28,0.016593314764305016
2023-07-31,0.016395542995793103
2023-08-01,0.01595273698943029
2023-08-02,0.015437419822765948
2023-08-03,0.016222167859800404
2023-08-04,0.015723406733978266
2023-08-07,0.015258222093380347
2023-08-08,0.014745685043501919
2023-08-09,0.015013381563022659
2023-08-10,0.01452964628085685
2023-08-11,0.014050934311886929
2023-08-14,0.013802812650015157
2023-08-15,0.013980319113995379
2023-08-16,0.01379587484978546
2023-08-17,0.013815199212812625
2023-08-18,0.013370985495611365
2023-08-21,0.013996593978226533
2023-08-22,0.014349359793008361
2023-08-23,0.01407178505492927
2023-08-24,0.013631842579968058
2023-08-25,0.014154740846572611
2023-08-28,0.013764592545119005
2023-08-29,0.01332223639401243
2023-08-30,0.013785280952346681
2023-08-31,0.013342304533845167
2023-09-04,0.013005526770998466
2023-09-05,0.014085170403339951
2023-09-06,0.014632001413753377
2023-09-07,0.014149638013075784
2023-09-11,0.014133723092155402
2023-09-12,0.013764150267936558
2023-09-13,0.013366359547037646
2023-09-14,0.012947414833950876
2023-09-15,0.012552495954976674
2023-09-18,0.012301885300821143
2023-09-19,0.012471154558581088
2023-09-20,0.01212129122826275
2023-09-21,0.011878396136904527
2023-09-22,0.01201242406902515
2023-09-25,0.01297222781749644
2023-09-26,0.013426463773258877
2023-09-27,0.013562719491603308
2023-09-28,0.013283147659947623
2023-09-29,0.013344805204895518
2023-10-03,0.014373951604507077
2023-10-04,0.015535988050517015
2023-10-05,0.015154505634277487
2023-10-06,0.014647260826956412
2023-10-09,0.014695793103382405
2023-10-10,0.014213566391008674
2023-10-11,0.013900129061255144
2023-10-12,0.013824040545709565
2023-10-13,0.014216118630300199
2023-10-16,0.015014109488348415
2023-10-17,0.014738636558331623
2023-10-18,0.014365403499583908
2023-10-19,0.013911118393413706
2023-10-20,0.014890334012867712
2023-10-24,0.014522027692413474
2023-10-25,0.014315181003821625
2023-10-26,0.01390775390085235
2023-10-27,0.013476928730557964
2023-10-30,0.014041057608750303
2023-10-31,0.01358534908095484
2023-11-01,0.013866545249452878
2023-11-02,0.013421670104937939
2023-11-03,0.013122020434573002
2023-11-06,0.014186840924914606
2023-11-07,0.014369123140940063
2023-11-08,0.014547121608450096
2023-11-09,0.014154109940468042
2023-11-10,0.01372441508433584
2023-11-13,0.014049691246588312
2023-11-14,0.013964510177987124
2023-11-15,0.013522780655452047
2023-11-16,0.01639917239585351
2023-11-17,0.016229791453438
2023-11-20,0.016609617413627445
2023-11-21,0.01668700933054657
2023-11-22,0.01612490789799106
2023-11-23,0.015572106960093122
2023-11-24,0.015239239150794469
2023-11-27,0.015582477276374747
2023-11-28,0.015066269507528653
2023-11-29,0.014789198514678376
2023-11-30,0.01527958693236893
2023-12-01,0.014779442343903871
2023-12-04,0.014658946052771592
2023-12-05,0.014464634959714992
2023-12-06,0.014843185914253699
2023-12-07,0.014489613925992134
2023-12-08,0.01414269621164026
2023-12-11,0.013684991024672872
2023-12-12,0.013422835665272517
2023-12-13,0.01325765122886434
2023-12-14,0.013055552450326982
2023-12-15,0.012915724877217299
2023-12-18,0.013856629152745046
2023-12-19,0.013653582279556566
2023-12-20,0.01336699040699232
2023-12-21,0.013039426725504588
2023-12-22,0.01263205790277707
2023-12-27,0.013010221509241995
2023-12-28,0.013326830922933533
2023-12-29,0.014364369561430784
2024-01-02,0.013893357911731331
2024-01-03,0.01401658868582951
2024-01-04,0.013748072021075064
2024-01-05,0.013306802728770524
2024-01-08,0.013010290105977254
2024-01-09,0.013517235965016194
2024-01-10,0.013102286748915906
2024-01-11,0.0127870273161667
2024-01-12,0.012782752971712948
2024-01-15,0.012428000340450489
2024-01-16,0.012062971852041806
2024-01-17,0.012973680838292496
2024-01-18,0.015783020972060934
2024-01-19,0.015353153481367503
2024-01-22,0.014908714233927286
2024-01-23,0.015563586015785988
2024-01-24,0.01641297384504638
2024-01-25,0.01819729906240262
2024-01-26,0.01822008181564004
2024-01-29,0.018061681505542538
2024-01-30,0.01752360757429352
2024-01-31,0.017945168226159193
2024-02-01,0.0176878492586638
2024-02-02,0.017108391535013402
2024-02-05,0.016522697674873445
2024-02-06,0.015958838626768203
2024-02-07,0.01847326699289863
2024-02-08,0.017840416589370092
2024-02-09,0.017527765012300092
2024-02-14,0.017054389137560397
2024-02-15,0.016585629451167944
2024-02-16,0.016039401387054994
2024-02-19,0.01668797904643554
2024-02-20,0.016380759107872293
2024-02-21,0.015873266732928847
2024-02-22,0.01582059567669471
2024-02-23,0.015699308471570087
2024-02-26,0.015170099718440857
2024-02-27,0.014736290996448465
2024-02-28,0.01443003980448476
2024-02-29,0.014503508177244271
2024-03-01,0.014034440885220982
2024-03-04,0.013623679085984476
2024-03-05,0.013187964132674375
2024-03-06,0.014443894942833341
2024-03-07,0.014597184809787523
2024-03-08,0.01450122801046222
2024-03-11,0.014143583314338628
2024-03-12,0.014134328726930163
2024-03-13,0.015673473905826046
2024-03-14,0.015143592872451945
2024-03-15,0.01475793575497739
2024-03-18,0.01474309684800721
2024-03-19,0.014254914974527107
2024-03-20,0.014168288109146464
2024-03-21,0.013706951327529358
2024-03-22,0.014116282968581908
2024-03-25,0.014755274145933148
2024-03-26,0.014274460795079396
2024-03-27,0.01397165266252657
2024-03-28,0.013978073122719365
2024-04-02,0.013704088658827687
2024-04-03,0.014517496436393329
2024-04-05,0.014399632429939966
2024-04-08,0.013927386254249392
2024-04-09,0.013477147948016197
2024-04-10,0.013117930077216056
2024-04-11,0.01351490706593133
2024-04-12,0.013106211952773228
2024-04-15,0.013898579749448588
2024-04-16,0.01358949868273805
2024-04-17,0.014253823817293655
2024-04-18,0.013788098123250986
2024-04-19,0.013493263684110936
2024-04-22,0.013322222631933304
2024-04-23,0.013633756361932942
2024-04-24,0.014039317096899352
2024-04-25,0.014665843881286233
2024-04-26,0.014225620655159867
2024-04-29,0.014745166265799334
2024-04-30,0.014313503905189979
2024-05-02,0.013845458638220757
2024-05-03,0.014789669320814835
2024-05-06,0.014758542106734218
2024-05-07,0.014328872211112153
2024-05-08,0.013935618231416036
2024-05-09,0.013693119440558092
2024-05-10,0.013591819671838135
2024-05-13,0.014357097571678272
2024-05-14,0.014019980899397759
2024-05-16,0.013580851530642495
2024-05-17,0.013724669643651632
2024-05-20,0.013469170350783842
2024-05-21,0.013077300994724959
2024-05-22,0.013804436991893676
2024-05-23,0.01336699172897686
2024-05-24,0.013681598585249848
2024-05-27,0.013724374151500178
2024-05-28,0.013593728244877555
2024-05-29,0.013160736618488047
2024-05-30,0.013604391686972077
2024-05-31,0.01362638197248237
2024-06-03,0.013372979254739561
2024-06-04,0.013693105434997516
2024-06-05,0.013262304470641851
2024-06-06,0.012849227648591316
2024-06-07,0.012466395990199637
2024-06-11,0.012194350588387453
2024-06-12,0.012142047659454203
2024-06-13,0.012270667779324333
2024-06-14,0.012136763624287707
2024-06-17,0.012036539456705962
2024-06-18,0.01168029714587774
2024-06-19,0.01134748382990205
2024-06-20,0.013173948767194545
2024-06-21,0.01283793439300618
2024-06-24,0.013181373816858966
2024-06-25,0.01276755992881283
2024-06-26,0.012385205194382385
2024-06-27,0.01201092012353921
2024-06-28,0.012824840040468416
2024-07-02,0.012428178019095334
2024-07-03,0.0120671685875519
2024-07-04,0.0120614819962522
2024-07-05,0.011718143520482949
2024-07-08,0.01185313269931346
2024-07-09,0.012193000185676895
2024-07-10,0.011828035990690967
2024-07-11,0.011512260238234978
2024-07-12,0.01231109684424355
2024-07-15,0.013583833292765725
2024-07-16,0.013732931003274901
2024-07-17,0.013929671359939865
2024-07-18,0.01347942831463398
2024-07-19,0.013058754101638205
2024-07-22,0.013701250447349917
2024-07-23,0.013616417051339829
2024-07-24,0.013416454704749368
2024-07-25,0.013211582315089215
2024-07-26,0.013514817253791736
2024-07-29,0.013084804388029501
2024-07-30,0.013059316182812981
2024-07-31,0.01314629346713008
2024-08-01,0.013684868149846409
2024-08-02,0.013263723088397905
2024-08-05,0.013928351488741093
2024-08-06,0.014006358083794588
2024-08-07,0.013580665640588258
2024-08-08,0.013585337785152933
2024-08-09,0.01315193526123521
2024-08-12,0.013062391002699215
2024-08-13,0.012655787803833241
2024-08-14,0.012295175288161948
2024-08-15,0.011966357146699072
2024-08-16,0.011613403620432844
2024-08-19,0.012207366939696493
2024-08-20,0.011998203470250773
2024-08-21,0.01168094859345967
2024-08-22,0.011490343548192361
2024-08-23,0.01171368523926592
2024-08-26,0.011384141674249644
2024-08-27,0.011360353464673933
2024-08-28,0.011081105362543996
2024-08-29,0.011104089738220383
2024-08-30,0.0108663484757136
2024-09-02,0.010933603327455181
2024-09-03,0.011469919322527106
2024-09-04,0.011161974183207437
2024-09-05,0.011229563775758199
2024-09-09,0.01091702227833513
2024-09-10,0.011245609405587362
2024-09-11,0.010937617768602956
2024-09-12,0.010813887230095163
2024-09-13,0.010682108904905943
2024-09-16,0.010549019174615584
2024-09-17,0.010290719619555187
2024-09-19,0.010576667897554964
2024-09-20,0.011439176329844062
2024-09-23,0.011610641045619046
2024-09-24,0.011277611551541247
2024-09-25,0.015111771908814388
2024-09-26,0.014695269668595625
2024-09-27,0.017655427669363868
2024-09-30,0.019235132380101896
2024-10-02,0.019514469520954487
2024-10-03,0.02448213170296779
2024-10-04,0.023873496629140716
2024-10-07,0.02404301353890471
2024-10-08,0.02347824830130885
2024-10-09,0.032990872012714084
2024-10-10,0.031919704674963224
2024-10-14,0.031585227596354
2024-10-15,0.030432614114572158
2024-10-16,0.03074594501972077
2024-10-17,0.029566414021913515
2024-10-18,0.028560335727672147
2024-10-21,0.028931895494136873
2024-10-22,0.028121854375752035
2024-10-23,0.027048346695472007
2024-10-24,0.026208581500435046
2024-10-25,0.02544552088807518
2024-10-28,0.024511449003870298
2024-10-29,0.02359018167154585
2024-10-30,0.02273771702107968
2024-10-31,0.022261821974140634
2024-11-01,0.02145545235691171
2024-11-04,0.020789563620090032
2024-11-05,0.020039347720606303
2024-11-06,0.020034782514721496
2024-11-07,0.02015199201940545
2024-11-08,0.020062300338535025
2024-11-11,0.019539644200286525
2024-11-12,0.019212443766259128
2024-11-13,0.019916352478700567
2024-11-14,0.019197695556971716
2024-11-15,0.01918974930423093
2024-11-18,0.018500269620838197
2024-11-19,0.017937540265285518
2024-11-20,0.01733310595509909
2024-11-21,0.016730764273175092
2024-11-22,0.016214240312722273
2024-11-25,0.01641108785609171
2024-11-26,0.015886238882158024
2024-11-27,0.015344149563106783
2024-11-28,0.01591938723350533
2024-11-29,0.015698152877409863
2024-12-02,0.01517841135651913
2024-12-03,0.014751750395843559
2024-12-04,0.014471492780407248
2024-12-05,0.013996150338971912
2024-12-06,0.013761635818592011
2024-12-09,0.013870809300286186
2024-12-10,0.015102550217521828
2024-12-11,0.014661987262144922
2024-12-12,0.014325296605751714
2024-12-13,0.014167629533035868
2024-12-16,0.014735422411454601
2024-12-17,0.01443755158188043
2024-12-18,0.014025366672490889
2024-12-19,0.013719758525726645
2024-12-20,0.013367838296666433
2024-12-23,0.012954511675629912
2024-12-24,0.012708946672926496
2024-12-27,0.012600292575038424
2024-12-30,0.012216136297573357
2024-12-31,0.011871397087957772
2025-01-02,0.01152290113238246
2025-01-03,0.012531174522291577
2025-01-06,0.012263829314201068
2025-01-07,0.011939018361357604
2025-01-08,0.012022880443533472
2025-01-09,0.011889416910717144
2025-01-10,0.011555534603834247
2025-01-13,0.01148349477203555
2025-01-14,0.011461595463008177
2025-01-15,0.012030567578691788
2025-01-16,0.011699104066519878
2025-01-17,0.011754254935188484
2025-01-20,0.01143219109422166
2025-01-21,0.011923160943566607
2025-01-22,0.011779990867462977
2025-01-23,0.012198712015488103
2025-01-24,0.011884504146090739
2025-01-27,0.012426086705362738
2025-01-28,0.01215059576127595
2025-02-03,0.011789762050822841
2025-02-04,0.011446338409514778
2025-02-05,0.013196084277554095
2025-02-06,0.013015699482637009
2025-02-07,0.01309646514309469
2025-02-10,0.013001650147286815
2025-02-11,0.013401687562955273
2025-02-12,0.013272143098494622
2025-02-13,0.014461326351365787
2025-02-14,0.013998824449042067
2025-02-17,0.016430404602928522
2025-02-18,0.015864037237311383
2025-02-19,0.01582548667190829
2025-02-20,0.015293130891207742
2025-02-21,0.01535616826115119
2025-02-24,0.01792317003991316
2025-02-25,0.01736044243961428
2025-02-26,0.01710332574184889
2025-02-27,0.018442502028024492
2025-02-28,0.017804858252636623
2025-03-03,0.019134773412428176
2025-03-04,0.018456795710336257
2025-03-05,0.017817032705062002
2025-03-06,0.018609603197387112
2025-03-07,0.019755261290834804
2025-03-10,0.01910208482862973
2025-03-11,0.019030867154171748
2025-03-12,0.01834741418552995
2025-03-13,0.017811755523519827
2025-03-14,0.017255093697863415
2025-03-17,0.017471622271133587
2025-03-18,0.016960868558735836
2025-03-19,0.01749370115710688
2025-03-20,0.016879832182308437
2025-03-21,0.017280934978915734
2025-03-24,0.017612818553503447
2025-03-25,0.01713638795538134
2025-03-26,0.01761738820315945
2025-03-27,0.017055452867349587
2025-03-28,0.01648650657845024
2025-03-31,0.01601197242650157
2025-04-01,0.015840847742504244
2025-04-02,0.015325012309154198
2025-04-03,0.01480961226293949
2025-04-07,0.014857110824948285
2025-04-08,0.03667225362028143
2025-04-09,0.035440949130891485
2025-04-10,0.03410136149527034
2025-04-11,0.03317863185068051
2025-04-14,0.03201337069360543
2025-04-15,0.03135918124661377
2025-04-16,0.030153702644843274
2025-04-17,0.029414303047063467
2025-04-22,0.028565610856076975
2025-04-23,0.027537833551892866
2025-04-24,0.027142178216970594
2025-04-25,0.026184203297688127
2025-04-28,0.02520233355553592
2025-04-29,0.024252509029119695
2025-04-30,0.023344452242839674
2025-05-02,0.022504362284493245
2025-05-06,0.02209772475926406
2025-05-07,0.021346693332379978
2025-05-08,0.020562700406129193
2025-05-09,0.019829472147990974
2025-05-12,0.019132863957527998
2025-05-13,0.0199052991553347
2025-05-14,0.01979059279524697
2025-05-15,0.019924478001476092
2025-05-16,0.019317717876837358
2025-05-19,0.018664675293933234
2025-05-20,0.017998625412283184
2025-05-21,0.017751245367232077
2025-05-22,0.01718757244678033
2025-05-23,0.016878277780251864
2025-05-26,0.016299006828918168
2025-05-27,0.016130748288803492
2025-05-28,0.015608790001287634
2025-05-29,0.015148644280984109
2025-05-30,0.015018326575974461
2025-06-02,0.014856632042193682
2025-06-03,0.014444662050958854
2025-06-04,0.014476050459632062
2025-06-05,0.014072697120367217
2025-06-06,0.013865385716361448
2025-06-09,0.013482615706649442
2025-06-10,0.013670073583472185
2025-06-11,0.013235419149644115
2025-06-12,0.012981183648962846
2025-06-13,0.01307129575377868
2025-06-16,0.012764526704207371
2025-06-17,0.01248602733122
2025-06-18,0.012143379521960604
2025-06-19,0.012146650821745084
2025-06-20,0.012869675099438808
2025-06-23,0.012851382256248076
2025-06-24,0.01255756116522164
2025-06-25,0.013214694800181366
2025-06-26,0.013152945249717314
2025-06-27,0.0128466448377908
2025-06-30,0.01246005434761085
2025-07-02,0.012301911729157077
2025-07-03,0.0120219453739674
2025-07-04,0.011786974626190248
2025-07-07,0.011571484725635607
2025-07-08,0.011244595704257176
2025-07-09,0.011249302306502545
2025-07-10,0.011283404741255538
2025-07-11,0.011046869158520798
2025-07-14,0.010793901333511633
2025-07-15,0.010515877903921573
2025-07-16,0.010978455839942414
2025-07-17,0.010708832853362606
2025-07-18,0.010423926647338126
2025-07-21,0.010670832234499444
2025-07-22,0.010510404250560037
2025-07-23,0.010312048265029426
2025-07-24,0.010822918838456598
2025-07-25,0.010594422687692276
2025-07-28,0.010701710323100607
2025-07-29,0.010541594397877704
2025-07-30,0.010272398903184736
2025-07-31,0.010622396204797884
2025-08-01,0.011150400762246026
2025-08-04,0.011200699632708982
2025-08-05,0.011114370193939613
2025-08-06,0.010927621739586224
2025-08-07,0.010627003278971177
2025-08-08,0.010472509219078649
2025-08-11,0.01046559968200168
2025-08-12,0.01019699122476879
2025-08-13,0.009950159502000892
2025-08-14,0.011656905790535698
2025-08-15,0.011365939810818227
2025-08-18,0.011340998014838986
2025-08-19,0.011067665787522607
2025-08-20,0.010779021637590654
2025-08-21,0.010491598268777918
2025-08-22,0.010239433346938387
2025-08-25,0.010232055309001526
2025-08-26,0.011075998388867369
2025-08-27,0.011206077780796126
2025-08-28,0.011386003725267366
2025-08-29,0.011268275895164114
2025-09-01,0.010972355155666967
2025-09-02,0.011947462451991266
2025-09-03,0.011667017219892212
2025-09-04,0.011444486224591188
2025-09-05,0.01150436216464561
2025-09-08,0.01172408768527496
2025-09-09,0.011567434653219666
2025-09-10,0.011606791837414622
2025-09-11,0.011538695670077474
2025-09-12,0.011271106132395577
2025-09-15,0.011315749076477312
2025-09-16,0.011004640648519994
2025-09-17,0.010701439845184745
2025-09-18,0.011312688799762596
2025-09-19,0.011547114204503488
2025-09-22,0.011214771625145099
2025-09-23,0.011085853612829486
2025-09-24,0.01094085879213925
2025-09-25,0.01116860454178239
2025-09-26,0.01086372785869712
2025-09-29,0.011138732829988538
2025-09-30,0.011809934436765607
2025-10-02,0.011658799465474308
2025-10-03,0.01200239244687507
2025-10-06,0.011738020504366075
2025-10-08,0.011539422413468956
2025-10-09,0.011283456639487512
2025-10-10,0.010995558601001789
2025-10-13,0.011598306733610779
2025-10-14,0.011945112019334434
2025-10-15,0.012436263920831034
2025-10-16,0.012903594567926953
2025-10-17,0.01250688591123015
2025-10-20,0.013712656989899435
2025-10-21,0.014592539554603998
2025-10-22,0.0141966606659108
2025-10-23,0.013959671328624306
2025-10-24,0.013619143678836116
2025-10-27,0.013303644802627803
2025-10-28,0.013135364284020219
2025-10-30,0.012758181058475924
2025-10-31,0.012385129305131486
2025-11-03,0.012578905248327039
2025-11-04,0.012422739079152756
2025-11-05,0.012227991635898246
2025-11-06,0.01186373827977741
2025-11-07,0.012676098325783546
2025-11-10,0.012527377819952305
2025-11-11,0.012740286078824098
2025-11-12,0.01235261270224692
2025-11-13,0.0121544468000006
2025-11-14,0.011864583662309502
2025-11-17,0.012477530072941147
2025-11-18,0.012246394721908851
2025-11-19,0.01269505651783261
2025-11-20,0.01235146775605488
2025-11-21,0.01197816161289481
